f0,f1,f2,f3,f4,f5,f6,f7,target
0.12573,-0.13210,0.64042,0.10490,-0.53567,0.36160,1.30400,0.94708,1
-0.70374,-1.26542,-0.62327,0.04133,-2.32503,-0.21879,-1.24591,-0.73227,0
-0.54426,-0.31630,0.41163,1.04251,-0.12853,1.36646,-0.66519,0.35151,0
0.90347,0.09401,-0.74350,-0.92173,-0.45773,0.22020,-1.00962,-0.20918,1
-0.15923,0.54085,0.21466,0.35537,-0.65383,-0.12961,0.78398,1.49343,0
-1.25907,1.51392,1.34588,0.78131,0.26446,-0.31392,1.45802,1.96026,0
1.80163,1.31510,0.35738,-1.20832,-0.00445,0.65647,-1.28836,0.39512,1
0.42986,0.69604,-1.18412,-0.66170,-0.43644,-1.16980,1.73937,-0.49591,1
0.32897,-0.25857,1.58347,1.32036,0.63335,-2.20351,0.05203,0.68369,1
1.00396,-0.61791,1.82201,-1.32043,-0.66153,0.93505,0.04905,2.00239,1
0.18852,-0.63319,-0.37756,-1.09115,-1.27768,0.63041,0.58117,1.29456,1
-0.75461,1.68911,-0.28739,1.57441,-0.43279,-0.73548,0.24979,1.03145,0
0.16101,-0.58553,-1.34122,-1.40152,0.50268,0.98971,-0.16429,-1.07436,1
0.87304,-1.28039,-0.71307,0.62102,-2.25014,0.38637,-0.58164,0.10928,1
-0.07570,0.20211,0.69417,-0.75837,1.42098,0.72609,0.84373,1.16486,0
0.78759,0.84408,0.07559,-1.42677,-0.13505,-0.76951,-1.42274,0.25845,1
-0.56855,-1.02980,-1.04300,0.26842,0.35867,1.32246,-0.01391,1.04184,1
1.40226,1.15017,-2.36530,1.22868,0.33962,0.42377,0.37123,0.38276,1
0.31941,-0.35891,-1.90164,-0.10891,-0.80373,1.08016,-0.28877,0.08348,1
-0.84961,-0.51062,-0.01153,-1.48538,0.30069,-0.10607,-1.18572,-2.39823,0
0.51305,-0.29758,-0.53001,-0.23615,1.81648,-0.04980,0.08662,-1.48707,1
1.64734,0.91749,1.06693,0.04767,0.91665,0.37095,0.61319,-0.15219,1
-1.47389,1.02885,-1.93496,-0.23994,-0.20452,-1.04286,0.61312,-0.20033,1
-0.43687,0.51984,-0.47658,1.38898,0.35146,-0.47433,-1.94426,-1.30775,0
1.08683,-0.05060,-0.28313,1.64325,-1.28265,-0.58566,-0.47259,0.58634,1
-0.66354,-0.61342,-1.60515,0.72935,0.80614,-0.47638,0.16334,-1.29265,1
-0.47181,1.37795,0.13573,2.31036,-0.78719,0.58028,-0.19551,0.56582,0
-0.00721,-0.56120,-0.86762,3.06604,-0.07735,-2.01666,-0.64860,0.67804,1
-0.50001,1.36045,1.00240,-0.15234,-0.47222,-1.00480,-0.69997,-1.47314,0
1.20440,1.59070,-1.25614,-1.18168,-1.76851,-0.96385,-3.10634,-1.14228,1
1.29692,-0.34567,0.85458,-0.48897,1.76067,0.19922,-0.38200,2.55242,1
-0.32447,-1.22122,0.20191,-0.03884,1.06632,-0.92163,0.80472,0.85275,1
-0.66769,0.16324,-0.83075,2.34581,-0.70414,-0.45307,-1.06584,-0.34612,0
-0.00588,0.76779,-0.61049,-0.18577,-1.41649,-0.82740,2.75581,1.04124,0
-0.78142,-1.33740,-0.97558,-0.02169,0.03473,-0.74436,-1.28657,1.42238,0
0.45169,-0.37457,-0.22066,-0.52953,-2.93605,0.11566,-1.07054,-1.00268,1
-0.64026,0.73230,-1.17053,-1.43428,0.63985,0.75437,-0.95893,0.56240,0
-0.29163,0.30129,-1.26096,0.83289,1.20326,0.63707,0.55834,-3.77228,1
0.26063,-0.02545,-0.14705,-0.63058,0.05536,0.41212,-0.26379,-0.46332,0
1.22975,-1.10537,1.03016,0.17681,-0.80431,-0.28998,-0.91999,0.67506,1
0.34790,-0.55680,-1.10222,0.30172,0.95739,-0.11384,0.41835,-0.37603,1
0.06757,-0.29128,0.29404,-1.50977,0.64419,-0.22993,0.35861,-0.34031,1
0.32036,-1.07256,1.18915,-1.70354,-1.03924,0.23567,1.46284,0.27813,1
-0.24791,-1.42509,-0.19128,-0.01988,1.69057,0.62213,-1.52909,2.02678,0
-0.39501,-0.87946,1.47482,-0.04976,-0.36740,0.21879,0.84489,0.99334,1
-1.37520,1.99848,0.94686,-0.37920,-0.81866,-0.96901,0.12338,-0.64802,0
-0.76487,0.81125,0.36457,-0.39457,0.73425,1.36738,-1.09450,-0.60329,0
0.94262,0.71894,0.22670,1.16242,-1.08821,-1.47914,-0.86651,0.12254,1
-0.79609,-0.48722,-0.97500,-0.62043,-1.00479,0.36747,0.79489,-0.48045,0
-0.20727,-0.58103,0.53125,0.08906,1.59416,-1.09547,0.36250,0.44399,0
-0.36044,0.58353,-1.43852,2.11880,-1.34204,0.91981,-1.12112,1.15088,1
-0.38477,0.15842,0.05334,1.10073,-0.32155,-2.96718,-0.76006,0.18371,0
-0.44047,0.76982,1.01533,-0.14777,-1.48965,1.38417,1.08305,-0.29919,0
2.10829,-0.34888,-1.13712,-0.15587,1.07783,-0.93745,1.95123,-0.89653,1
0.95442,0.54446,-0.15406,1.08053,-1.49980,1.35757,-0.06368,-0.54244,1
0.74917,1.05990,0.76980,1.99950,1.08073,1.28351,-0.53986,0.10652,1
0.56298,-0.01774,0.30164,0.42610,0.84424,-0.10161,-0.34980,-0.82832,1
-0.89173,1.17245,-0.08452,0.78694,-1.29736,-1.93817,-1.04909,1.14663,0
1.06808,0.33204,-0.80217,-0.13080,-0.29776,-0.34497,-2.50607,-0.85793,1
-0.19011,1.51643,0.16074,1.40089,-0.39371,-0.25269,-3.89942,0.46333,0
0.54710,1.76376,-0.48676,0.09415,-0.70553,-1.17626,-0.71311,-0.34500,0
1.35544,0.00221,-0.79054,0.14188,0.21757,-0.67623,1.14323,-1.88835,1
-0.21354,0.66507,-1.33843,0.36125,1.29289,0.45367,-1.69016,-0.72820,1
1.23230,0.29834,-0.00986,0.44120,0.72105,-0.70847,-0.29040,0.14291,1
-0.54396,-0.13345,1.29787,-0.96782,1.92666,1.87934,-1.71344,-0.14102,1
0.34269,-0.76087,-0.74108,-0.23742,0.73918,-0.51133,1.82669,0.28997,1
-0.10258,1.44926,0.62628,0.36929,-0.33114,1.81399,0.81182,-0.20341,0
-1.57720,0.37295,-1.14374,-1.71595,-0.27915,0.28147,1.28248,0.28245,0
0.80602,-1.22588,-0.02253,0.12421,0.86225,0.11606,0.80408,-0.50420,1
0.35795,0.41487,-1.24978,0.17554,-0.32036,-1.90409,0.95841,-0.36186,1
-0.85239,-0.37732,0.13820,1.50791,-0.16593,0.47241,1.37358,0.53355,0
1.06856,-0.47651,0.77105,-0.05798,1.07441,-1.00356,-0.77956,1.26873,1
-0.19608,-0.35896,0.07757,-0.68950,1.33194,-1.24916,-0.15060,0.34695,0
-0.10445,-0.80229,-0.86839,0.42539,-1.03048,0.64624,-1.52415,-0.55498,1
0.03631,-1.25215,0.65201,-0.01854,-1.03607,-1.51889,-1.56559,0.05103,1
-1.15683,-1.36488,-0.23123,2.27750,0.27754,0.76292,0.21272,0.78298,0
-1.34309,-0.43051,0.26135,-0.01792,-0.19199,-0.66588,-0.25838,-0.77420,0
-2.42183,-1.19451,0.47565,1.55708,1.81358,0.09675,0.89338,0.90798,0
-0.69226,-1.69794,0.03089,-1.76220,-0.31993,0.60812,-1.42007,0.03230,1
1.24002,0.36151,0.52232,0.90674,1.73296,0.15142,1.22950,-0.06417,1
-0.54617,0.31482,-0.60581,-0.57313,-0.60774,-2.29542,0.10550,-1.26384,0
-0.10727,1.44997,-0.52100,-0.54201,1.36391,0.54631,0.97653,-0.35529,0
0.74808,-0.68617,-0.67600,0.59624,-0.59837,0.76712,2.39168,-1.68615,1
-0.75220,1.12015,-0.14508,1.16109,-1.01006,0.33134,-0.15056,0.14037,0
0.33112,-1.22001,-1.07414,1.39924,0.29321,0.10635,-0.04407,0.35654,1
-1.15594,-0.99903,1.30451,0.15128,0.85030,-0.60566,1.37673,0.34528,0
0.48125,0.54873,-0.79701,-1.86572,-1.07480,1.63052,1.30068,-0.34692,1
-0.30168,1.03661,-0.16841,-1.29926,1.26554,0.47718,-2.51634,-0.31319,0
0.14367,0.48125,0.15215,-0.63574,-0.11576,0.29480,-0.26800,-0.37190,0
1.25208,-0.94661,-0.34946,-2.03127,0.54097,0.82826,0.54849,0.91767,1
0.44071,0.34252,0.47395,-0.26731,1.18833,-0.34857,-1.46235,0.84978,1
1.85070,-0.96015,-0.10163,-0.68544,-0.38058,0.04609,-1.24181,-0.27765,1
-1.46597,-0.56823,-1.18607,-1.05906,-1.71991,1.21935,0.50906,-1.91746,0
-0.59683,-0.67044,-0.69094,-1.44688,0.75439,-0.39586,0.46815,0.52676,0
1.37545,-1.81487,1.73860,1.26882,0.57307,2.38359,0.20498,0.82148,1
-0.73841,1.13436,0.16783,-0.45120,2.11694,-0.30480,0.00886,-0.19728,0
-0.75567,0.53127,0.73841,0.35437,-2.36058,1.00800,-0.35024,-1.21632,0
0.60328,0.56285,-1.04307,2.47244,-1.20963,-1.73300,-1.15417,1.42080,1
-0.17586,-0.37206,-0.06216,-0.59661,-0.69026,-0.64122,0.70796,1.02046,0
-1.05509,0.23923,0.78821,-1.08175,-0.50257,-1.03806,-1.29103,0.10186,0
-0.73613,0.63113,-0.02942,0.41263,-0.29228,-0.63500,-0.09067,-0.00500,0
-0.70586,0.42660,0.74659,0.15808,1.71349,-0.63234,0.52060,-0.40873,0
0.23463,-0.82995,1.11512,0.17602,1.19224,-1.26610,-0.49352,-0.89257,1
-0.53194,-0.69261,-0.12054,-0.01725,-0.04098,-0.55552,0.18743,0.87562,0
-0.90228,0.00089,-0.07407,0.46835,-0.06386,-0.01566,-0.99110,0.02170,0
-0.92188,0.51570,-0.10322,0.03986,-0.89119,0.80376,0.69231,0.86152,0
2.22739,-0.05252,1.20340,-0.12383,0.39409,0.36534,0.26459,0.65826,1
-0.30394,0.04093,0.53531,1.74785,-0.84236,-1.80613,-0.48409,0.08993,0
0.17498,0.09222,1.18279,0.97605,-0.04927,-0.46955,-0.34601,-0.35630,1
-0.22560,-1.57265,-0.46104,-0.42488,-0.18888,-0.25430,0.67201,-0.53194,1
-0.43858,0.54194,-0.23531,0.21645,0.66934,0.42197,0.25016,-0.19644,0
0.68189,0.17555,-0.50485,-0.15081,-1.21813,-0.96156,-1.88291,-0.67993,1
1.33555,-0.55649,0.78754,-0.00345,-0.70055,1.33828,0.58221,-1.75180,1
1.04140,-1.07479,-0.17791,0.66811,-0.29985,1.11894,0.76126,-1.57688,1
-0.47243,0.28207,-0.57500,-0.21628,0.79978,0.31678,-0.92062,0.17461,0
-0.61227,-1.21519,-1.13006,0.28696,-0.02811,0.00543,-1.14621,-0.18393,1
-1.03717,-0.92639,-0.16513,-1.38339,0.66927,2.48688,0.45882,-1.04290,0
-0.27119,-1.55544,-0.37762,0.50731,0.58938,-1.03174,0.29915,1.15641,1
1.75509,-0.70079,-0.86420,0.05442,-2.92809,-0.53103,-0.27097,-0.45934,1
-1.58387,-0.24555,-0.77661,0.75748,-0.91847,-0.28235,-0.23295,0.56757,0
-2.54590,-0.34062,0.75962,-0.36169,-1.52694,0.32660,0.33669,-0.27049,0
-1.15980,-0.74068,-0.31376,-0.87553,-1.92018,-0.76929,-0.06174,-0.50706,0
-0.07557,0.08366,0.89658,2.20382,0.73178,-1.40433,-2.65694,-0.09446,1
0.07139,-1.16187,0.27203,-0.76694,0.40267,-0.32552,0.39746,-1.74320,1
-0.43847,-0.14860,-1.42487,1.88234,-0.54077,1.38997,-0.66434,-0.22997,1
1.18390,0.30383,0.19205,0.26594,-1.36616,-0.38955,-0.95645,0.19741,1
-0.54400,-0.04406,-0.07729,-0.03637,-0.03475,-0.65238,-1.05400,-0.66436,0
1.07154,0.37416,0.58696,1.37997,-1.17943,0.50995,-1.07507,-0.33433,1
0.48424,1.61435,-0.78216,-0.09480,1.15624,-1.48981,0.36211,-0.30828,0
-0.88169,0.14663,0.59493,-0.91210,0.37999,0.17337,-1.24181,1.55341,0
1.08990,-0.85993,-0.58663,0.77078,-0.49545,-1.83972,1.04888,0.00878,1
1.90703,0.35747,0.19099,2.87450,-0.17187,-0.95182,0.22920,1.13575,1
-1.16512,-0.90827,0.44978,-3.19735,-1.09268,0.79548,-0.58674,-1.62648,0
1.92557,-1.41054,-0.52337,-0.37273,0.08314,-0.36951,-0.08097,0.05749,1
-0.08668,0.09327,-2.37893,0.44106,-1.40446,-2.16665,1.38135,-1.28552,1
0.17987,-0.77256,-0.67847,0.48365,-1.04822,0.37267,0.38069,1.16445,1
-0.33621,1.04658,1.72069,1.58668,0.58608,0.44917,2.84945,2.23218,1
-0.76662,0.92361,0.60196,0.07227,0.15331,0.48779,0.93736,0.21877,0
0.33979,1.39214,0.31772,0.54502,0.99023,1.63326,1.22704,0.37721,0
0.20782,-1.22360,0.29206,-1.03717,-1.02404,0.65051,-0.10058,0.47221,1
-0.62696,1.20120,0.14377,1.18773,0.67344,0.16525,-0.47853,0.03151,0
0.82801,0.69766,-1.19558,1.02568,-0.21391,0.81526,-0.69749,0.63786,1
-0.79659,0.12936,-0.29803,-0.28557,-0.56659,-0.15358,-1.74063,0.87660,0
0.96169,-0.44277,-1.37975,-0.64671,0.94761,0.62552,-0.30035,0.89727,1
-1.04148,-0.61264,0.47461,-0.09591,-0.58923,-2.51213,0.67122,0.32372,0
-1.74292,0.60033,-0.01436,0.27883,0.94519,-0.73989,0.71356,0.68385,0
0.76152,1.63596,0.65873,-0.56156,1.79838,-1.10731,-0.46272,-0.96447,0
-0.10276,1.08222,1.29779,0.46352,-0.60939,-0.55362,-0.60320,0.95284,0
-0.90654,0.86453,-0.03259,0.17205,1.51172,-0.47533,1.66173,-1.40945,0
-0.82476,-1.57839,-0.74678,0.58288,0.73773,0.30678,0.26709,-1.17333,1
-1.32683,0.30389,1.34781,-0.36413,-1.26856,-1.53328,-0.68065,1.57954,0
-0.20774,-1.03794,-0.60947,-0.48354,0.26561,-0.66002,-0.88994,-0.18802,1
0.46867,0.71704,0.55053,-0.45750,-1.69508,-0.79852,0.28408,-1.33364,0
0.25262,-0.58998,-0.58216,1.11951,0.21873,1.37026,-0.93925,1.13074,1
0.90908,-2.99500,-0.08827,1.54222,0.77806,-0.44132,-0.23279,-1.30305,1
0.20629,-1.79317,-1.01531,1.11916,-0.02057,-0.36343,-0.10591,2.74189,1
1.03519,-0.77564,1.66675,-0.08879,0.73972,-0.58663,-0.93786,0.80191,1
-0.76889,-0.78132,0.89783,-1.16207,-1.41925,0.54505,-1.95988,-0.75173,0
-0.36565,-1.34531,-1.11739,0.66587,0.29245,-0.94571,0.52949,1.51928,1
-1.28242,0.06126,1.97665,0.61116,0.81339,-0.20015,-0.79796,1.14337,1
0.65372,-0.05152,-0.46534,-1.74773,0.15591,-0.69171,-0.13185,0.67098,1
0.82000,0.71900,2.25506,1.16512,-0.74608,-0.81830,2.32815,-0.66333,1
-0.04414,1.74486,1.71532,-0.05463,0.24194,-1.63511,-0.90835,-0.36526,1
-0.00566,-0.32332,0.15229,2.19270,0.46434,0.30871,0.00183,-0.17191,0
1.23294,-0.99126,-0.12558,-1.09578,0.08713,0.11905,0.92051,1.19766,1
0.66306,1.62226,1.58850,0.31536,0.37335,-1.93628,0.32024,-0.00509,1
-1.68850,-0.43139,0.95742,-1.23877,1.29295,0.47480,-0.22839,-0.14233,0
0.82993,-1.43139,2.04076,-0.81342,-0.76528,1.22077,0.79005,1.32539,1
1.04598,0.37640,-1.27638,-0.47284,0.19844,-0.01718,-2.05278,1.04441,1
1.73114,1.46410,-1.01786,0.43597,-2.12650,1.69002,-1.93988,0.41051,1
1.16258,1.29132,0.34397,-1.42565,-0.10118,-0.26832,0.36836,0.98775,1
0.66204,2.12162,0.66105,-0.38882,1.62998,-0.31453,0.28186,0.18078,0
-2.29323,0.27682,0.28944,-0.20971,-0.14129,-1.28440,0.08246,1.50293,0
-0.17727,-0.52213,-0.60773,2.01709,-1.35524,0.84495,0.11141,1.92090,1
1.31127,-0.08832,-1.54147,1.42964,1.45804,-1.10490,0.74523,-0.80077,1
-0.77619,-1.60931,0.93291,0.27113,0.49450,1.45247,0.66862,0.58456,1
0.74927,-1.06457,-0.03447,-1.20626,-0.89991,-0.09182,1.06189,2.05821,1
-1.08519,0.17333,-0.07091,0.52724,0.58241,0.36242,-0.96718,0.39468,0
0.89233,-0.51339,1.97816,-0.23491,-0.63386,0.29638,-0.25759,-1.36717,1
-0.02616,1.59570,2.00253,-0.56704,0.90527,0.13253,0.28389,1.26737,1
0.85207,0.15432,-0.92874,-1.12398,-0.06402,0.32361,0.50317,0.78197,1
0.97959,-2.40308,0.90344,-1.04745,1.11407,0.33664,0.63056,-0.54093,1
0.28265,-1.86721,1.09525,-0.33084,-2.58908,1.06148,1.67677,-0.87613,1
1.21271,-0.74976,-2.26652,-0.35789,0.32614,0.13355,0.10360,0.29642,1
0.21656,-0.21604,-0.60138,-0.26580,-0.35167,-0.30292,-1.10295,-0.54259,0
0.08223,0.30942,-0.06403,-0.18366,0.53445,0.81447,0.68008,-1.74991,0
-0.45541,0.70565,0.51540,0.67981,0.31435,-0.85354,1.22256,-1.35959,0
0.98576,-0.01638,-1.47265,-0.39616,1.20375,-0.58840,-1.21060,-0.28879,1
-0.81807,-1.25060,0.43754,0.79817,-0.55173,0.52362,-0.38703,-0.09971,0
0.12340,1.49328,0.50756,-0.99911,0.51583,-0.22119,-0.46636,-0.83976,0
-0.02626,-0.06013,-0.40218,-1.39115,-1.70717,0.12798,0.17820,2.18313,0
-0.17866,1.02142,1.19520,-0.06107,0.07680,-0.42984,1.77516,-1.50843,0
-0.03965,1.38412,-0.10768,-0.57094,0.23288,0.52699,0.56744,0.28164,0
0.75009,0.94570,-1.10688,-0.37889,0.86969,0.48862,0.23460,0.67248,1
0.95215,-0.85805,-1.22694,-1.15368,1.85867,-1.05443,-0.23459,-0.18548,1
1.03106,-1.73832,-0.03927,1.21439,1.11490,0.40931,-0.26094,1.75768,1
-1.67195,0.98099,0.50818,0.59104,0.26581,0.20518,0.93079,-1.15304,0
-1.24655,0.16245,0.05215,0.16366,1.59043,-0.57931,0.75132,0.38445,0
2.36656,-1.40219,-0.54601,-0.45679,1.32060,-0.81992,1.65794,1.59811,1
0.86561,0.43738,-1.55618,0.18215,-1.43067,-0.36263,0.20310,-0.30887,1
0.95081,-0.12918,-1.54858,-1.06006,-1.27391,-0.31643,1.24758,0.50575,1
0.33951,-1.28538,2.36916,-0.02826,2.41691,-0.86742,-0.56785,2.59966,1
-1.07499,0.41871,-0.33821,-0.81341,2.16108,-1.00413,0.89744,1.10431,0
-1.01180,-1.89723,-1.78064,-0.79958,0.22266,0.33544,-0.18905,-0.10531,1
0.97405,0.76815,0.37875,-0.61697,0.77757,0.18121,-0.74784,-0.57690,1
1.22865,1.84538,-0.52973,-2.07807,0.58746,-0.90326,0.73250,-0.37596,1
2.22960,0.11224,0.90285,-1.21505,-2.81929,0.13533,0.26196,0.72030,1
-0.55381,-1.29184,-1.60050,0.55314,0.71029,-0.87576,-0.52803,-0.72819,1
-1.89521,0.19912,0.84602,-0.22335,-1.42247,-0.19832,1.36442,2.12991,0
0.26910,-0.78894,-1.98558,-1.54594,-0.08889,0.22577,0.25664,-0.26298,1
-1.54322,-1.57646,0.14732,-0.82457,1.30484,-1.45891,1.68710,-0.66650,0
0.22319,0.22316,-0.34401,-2.01348,-0.48240,1.52246,-1.28079,-1.84211,0
-0.21887,-0.41239,-1.29284,-0.75257,-0.48108,-0.41287,0.16277,0.70666,1
0.38707,0.34175,1.68014,1.09530,-2.91284,-0.36316,-1.57655,-0.68914,1
0.77107,-0.20119,-0.42839,1.31697,-1.50378,-0.09381,0.54876,0.02413,1
-1.16328,-0.02257,0.80751,0.35725,0.31769,0.30745,0.13519,-1.24126,0
-0.30910,0.43084,-3.11451,0.75718,0.33742,-1.08418,-0.74635,-0.20384,1
0.41343,-0.37403,1.16700,0.41313,-0.78657,-0.47118,0.22758,0.72837,1
0.68002,-0.09759,0.14950,-0.02510,0.82199,-0.98624,0.60284,-1.85240,1
0.45103,0.25621,-0.00037,-2.13261,1.56672,0.89841,0.02545,0.45871,0
-0.93938,0.51227,1.56009,-1.17809,2.69276,-0.43693,0.82741,-0.82611,1
0.39041,-1.27394,-0.65899,-0.22858,-0.65582,-0.24143,0.97595,-1.27709,1
-1.19575,0.04706,-0.56419,-1.00375,0.13203,-0.56437,0.33614,-0.03976,0
-0.20121,-0.06824,1.02324,1.31410,-0.15960,-1.02997,-1.51129,-2.23358,1
-1.17596,-0.85232,-0.05254,-1.88054,1.42969,1.06356,1.24517,-0.51289,0
0.24400,-0.94736,1.54981,-1.21303,-0.51363,1.42342,2.48981,-0.09173,1
-0.41423,-2.50713,1.71045,0.30818,-1.88394,0.87136,0.61388,-0.35440,1
-0.55784,0.73013,0.23395,0.48683,1.22649,1.19319,0.76051,0.58528,0
-1.27818,-1.11546,0.81852,0.64720,0.51818,0.84035,-0.55400,0.56492,0
-0.98888,0.06238,0.92933,-0.67686,1.95291,1.13408,1.37211,-0.21116,0
-1.38895,-0.69859,0.55167,-0.27900,0.72137,0.15045,-0.58975,0.93422,0
1.35174,-0.73215,0.51191,0.15659,0.28088,-0.10411,-1.25268,1.40952,1
-1.04359,-0.87063,0.65627,0.17987,-0.79604,-0.65755,-0.15870,-0.43608,0
0.64653,-1.16422,0.36332,1.53053,0.20136,-0.88829,-0.72304,0.04366,1
-0.62421,1.23460,-1.84038,1.63896,-2.02499,-0.04101,-1.08297,0.82018,1
-0.77403,-1.13307,-0.34002,-0.41101,-1.93503,0.45452,-2.39263,1.17634,0
-0.33006,0.95301,-0.60056,-0.79311,0.65175,-0.58414,-1.54761,-0.08708,0
-1.37707,-0.01291,1.37894,0.96267,0.00185,-0.16572,-0.31679,-0.63755,0
0.35507,-0.15789,-0.38170,0.27005,-2.01838,1.95648,0.63013,-1.39376,1
0.11505,-1.12909,-0.53927,-0.89511,1.09186,-1.92073,-0.35439,-1.64906,1
-0.02045,-0.31771,-1.40672,1.43973,1.56344,-0.56418,0.52193,-0.14881,1
0.24344,1.53213,-0.26864,1.79217,-0.28819,-0.09355,1.88932,0.27522,0
-2.03194,0.22480,-1.28185,-1.66260,-0.94264,0.32608,-1.11337,-1.40126,0
-0.37976,0.40461,-0.69638,-1.30644,-2.17269,-0.77620,0.84431,1.00209,0
0.78981,-0.17529,0.12935,1.26770,-0.86868,0.36408,-1.87090,0.68230,1
-0.45104,-1.15563,0.77283,-1.11123,-0.86728,1.53682,-1.04603,-0.65601,0
-0.68325,0.78480,-1.83591,1.25040,-0.24335,-0.31687,-0.89668,-0.14545,1
1.47039,0.21285,-0.93254,-0.34736,0.53445,0.08533,-0.25731,0.60457,1
0.36109,-1.07772,-1.91492,0.50049,1.85744,-0.82073,-0.14101,1.35408,1
1.73963,0.06524,1.24973,0.75063,-0.55582,-2.01881,-0.90943,0.36923,1
0.41925,-0.50224,-0.85770,-1.60031,-1.68033,-0.12212,-1.57473,-0.01511,1
-0.79798,-0.42616,2.12537,0.04826,-0.34355,-0.17334,-1.47366,1.33915,1
0.84782,-0.53200,0.22929,-0.67158,0.39628,-1.34297,0.26747,1.50127,1
0.44628,-0.59009,0.94977,1.95054,0.73093,0.09723,-0.80222,0.43564,1
1.92227,-2.01688,0.97729,0.14779,1.51336,-0.12794,-2.16372,1.99144,1
-1.15938,0.80032,-0.12757,-0.03959,0.13762,-0.54587,0.18658,0.30768,0
0.80160,0.12502,0.31869,1.32818,-0.90202,0.07014,0.47831,1.03544,1
-0.06358,0.09935,-0.34495,1.24026,-0.32117,0.68529,-0.10188,0.03084,0
-1.22306,0.05671,-0.02965,-1.48360,-0.74044,-0.45385,-1.52870,-1.21716,0
1.46956,-1.02998,-0.85668,-1.39576,1.22738,0.91821,0.31822,0.08424,1
-0.49187,-0.28441,-0.67415,0.65827,0.69219,0.91263,2.04890,0.70717,0
0.63453,1.00370,-1.54201,0.00473,-1.51250,1.57725,-0.49301,1.77312,1
1.06152,-0.55224,-1.65977,-1.12402,1.03872,-0.32130,-1.48129,-0.22471,1
1.69271,1.60924,-0.47309,0.30812,0.61275,-1.47917,-0.53292,-0.40541,1
0.40405,-0.51030,-1.39739,0.32421,-0.64201,-1.22790,-1.22540,-0.22298,1
1.45106,-0.17455,1.07313,-2.24613,-0.83866,-1.25799,-0.27456,0.77019,1
-0.54647,-1.24449,0.94774,-0.76213,0.27256,-0.66500,0.51713,-0.38355,1
0.79516,0.62100,2.22127,-0.08017,-0.97533,-1.16112,-0.59732,0.37531,1
-0.71383,1.51897,0.20032,-0.97702,-0.46295,-0.63838,0.17827,-1.02537,0
1.28196,-0.35631,-0.23728,0.92315,-0.74847,-0.00137,1.79221,0.41114,1
0.29382,-0.47640,-0.99424,1.74881,-0.16011,1.89799,-0.68389,1.25495,1
-0.20532,0.41678,1.21671,0.44153,0.80258,-1.56293,-0.46070,2.04469,1
-0.22914,0.31863,-0.16309,-0.62158,-1.49406,-1.14174,1.68257,-0.07906,0
-1.18881,-0.90407,0.87343,-0.94715,-0.62535,-1.11663,-1.25913,1.64906,1
-0.14089,-0.32151,-0.60145,0.71245,0.06147,0.29234,0.13687,-0.35732,0
-0.48089,-1.73490,-0.49178,2.16356,-1.23944,0.00437,0.33573,1.19403,1
2.65828,-0.39680,-0.87710,1.06017,0.21301,2.00638,0.72534,-0.66880,1
-0.19664,0.42304,0.50069,-1.13412,-1.92421,-1.60378,0.61716,-0.15324,0
-1.83484,-0.55084,-1.93702,-0.26318,-0.86536,-0.55797,-0.08435,0.18263,1
0.05956,1.29168,2.40103,0.85196,-0.18963,0.75197,-0.72727,-0.82584,1
-0.87124,0.29236,1.23851,2.22414,1.32427,0.69769,-0.68833,0.07665,0
0.54346,-0.12225,1.86286,-0.81995,-0.71414,0.38004,2.00680,-1.81274,1
-0.84604,1.28790,-0.67895,2.05909,-0.82152,1.07233,-0.08818,0.45956,0
-1.03589,-1.60621,0.77555,-0.52931,-0.91869,-1.10529,-1.04504,1.35323,0
-0.92264,-0.54247,1.96668,-0.43232,-0.00566,0.36765,-0.29600,-0.68813,1
1.27888,0.31983,-0.62949,-1.38530,-1.15767,-1.02455,-2.15598,1.17394,1
0.10210,0.53665,-1.41887,-0.48511,-0.24010,0.07559,-0.20629,-1.24492,1
1.09185,0.71028,0.07486,1.03223,1.20810,1.39391,0.16303,-0.31480,1
-0.47981,0.89123,-0.70146,-0.91353,0.55440,0.52300,0.63655,-0.84922,0
0.30074,0.91530,-0.47983,-0.26814,-0.29795,1.51922,0.90081,-1.34057,0
-1.52075,0.65011,-0.21310,0.53257,0.26570,1.00960,-1.62572,-0.54786,0
0.25099,0.23447,-0.94814,-0.52716,-0.58584,0.04468,0.70056,-0.27547,1
-0.15305,-2.09418,-1.06110,1.85298,-1.71471,1.36439,-0.29789,-1.96320,1
1.45768,1.28407,-0.50325,0.86728,-0.35589,0.05093,0.16627,-0.23101,1
0.52437,0.38575,-0.52288,0.29599,-0.52059,0.13382,-0.49687,0.09729,1
1.60065,-0.65389,-1.46313,1.59415,0.29244,-0.65061,-0.24965,-0.91375,1
0.93784,0.71334,0.62857,0.22020,-2.05004,-1.18698,0.28440,-2.65495,1
-0.07926,-1.02531,0.63329,-0.19660,1.05892,0.33765,0.11375,-0.97334,1
0.62771,2.37928,-1.71044,-1.02373,1.66409,0.51179,-0.29593,0.78198,1
0.33249,-0.65262,-0.66829,0.85528,0.34330,1.07768,0.65378,-0.61400,1
1.52412,-0.92316,-0.45330,-0.78278,-1.40118,0.62259,-1.05285,-0.68422,1
0.94277,0.86521,-0.62142,-1.30804,-0.10425,-1.59787,-1.01042,-0.38778,1
-0.15813,-0.55523,-0.14534,1.38204,0.62713,1.37923,0.89603,0.23198,1
-1.21384,-1.33609,-0.02059,-0.40861,-0.93454,0.40970,1.22408,-0.06809,0
0.08584,-0.54696,-0.68794,1.97365,-1.25641,-0.16122,-0.44714,-0.10989,0
1.04633,0.99376,-0.14011,1.12350,-0.76655,0.35568,1.77951,-0.57759,1
0.20512,1.49858,-0.84248,0.06433,-0.31480,-1.11694,0.40426,-0.84413,0
1.65575,0.02066,-0.21015,0.04087,0.10279,-0.19922,0.05723,-0.57481,1
-0.49944,0.52704,-2.13635,-0.79948,0.00856,0.34238,-0.39054,0.13622,1
-0.34946,-1.86071,0.94047,0.26800,-0.95736,1.47497,0.67749,-0.62550,1
1.10657,0.53903,0.82887,-0.60179,-0.55663,-0.82246,-0.54106,-2.31309,1
1.08377,-1.18045,0.56971,-1.29822,0.11681,-1.19235,-0.01988,-1.59970,1
-0.59192,0.65964,0.21390,0.17105,-0.85844,-2.19653,-0.89303,-0.51095,0
1.47925,0.56952,0.31646,-0.58186,-0.72926,0.64062,-0.37205,-0.33689,1
1.91785,-0.98182,-0.28161,-0.24969,-0.65133,-1.41157,1.27235,-1.41245,1
-0.90761,0.25627,-1.24374,-0.15580,-0.25660,-0.23675,-0.14007,-1.40842,0
-0.54950,1.28451,1.16394,-0.58078,1.08490,-0.93987,-1.36396,-2.01726,0
-1.11300,0.45988,-0.32555,1.66163,0.83944,-0.35421,-0.22328,-0.21591,0
0.99911,-0.38419,-0.01450,-0.73544,1.29875,-0.34911,-0.64680,-1.52014,1
0.96625,-0.59170,-0.07039,-0.41045,-0.18652,-1.98255,-0.78458,-1.08361,1
2.17840,1.34687,0.43808,2.48676,1.27732,-1.34472,-1.28522,0.26786,1
-0.06937,0.21148,-0.82493,1.84550,-0.35111,1.12023,1.45939,-0.58524,1
0.57638,1.59298,1.45825,0.75177,0.43971,0.07885,1.26877,0.58306,1
0.12429,-0.47271,-1.35266,-0.17352,1.86446,-0.48361,-0.64122,-0.24066,1
-0.21287,-0.55917,0.64324,0.32579,1.18287,0.60151,0.18648,-2.10307,1
0.19715,-0.65313,1.07773,0.07344,-0.76262,-0.54324,-1.20149,-0.54755,1
0.31519,1.17882,0.51986,0.80970,0.89111,-0.32363,1.45315,-1.35171,0
0.12338,-0.52576,-1.96545,1.65899,-1.99769,0.68935,1.79318,-0.20312,1
-0.11537,-1.89878,-0.24981,1.45092,-0.52212,-0.97440,-2.31575,1.28568,1
0.41179,-0.30202,1.04278,-0.53068,-0.33402,2.12402,-0.89627,0.29033,1
0.22352,0.09744,0.00627,-1.30666,-0.13750,-0.24247,-0.66892,-0.83354,0
-1.00172,-0.80943,0.40910,0.03646,1.65550,0.60333,-0.59506,-0.53912,0
-0.17297,-0.35002,0.00369,1.94120,-0.15198,0.13200,-1.19164,-1.50055,0
-0.13564,-0.41729,0.20170,1.35699,-0.51046,-0.68459,0.97850,-0.43568,0
0.05751,-0.10568,1.87918,-1.68314,-0.82091,0.65079,1.16010,-1.02907,1
1.17884,-0.47104,-0.72626,-0.63013,0.35383,0.48461,-0.87478,0.20596,1
-0.38209,-1.19278,1.69179,-0.96752,0.10254,-1.16486,-0.43139,0.09087,1
0.16140,-1.02376,-0.11987,0.34995,1.48418,0.79815,1.07288,0.63302,1
-0.66711,-0.32837,0.90653,-0.68743,-1.12135,-0.04378,-1.81800,-0.78242,0
-1.13955,-0.41250,1.31234,2.31918,0.59305,-0.96063,0.73110,0.42049,1
-0.60237,0.88108,-0.48356,-0.57944,0.05737,0.68546,-0.36832,0.35522,0
-1.82942,0.29228,-0.47844,-0.52292,-2.52579,-1.44920,-1.74555,0.60545,0
-0.92193,0.27332,0.65891,-0.54642,-1.02746,1.21051,0.26194,-1.23268,0
0.48042,-0.66382,0.46489,0.82618,-0.81694,0.49164,-3.01145,0.54713,1
-1.96006,2.52555,0.35416,-0.61355,1.13328,-0.78445,0.11918,-0.28491,0
0.00118,-0.55954,0.43814,-0.73985,0.11252,0.62849,-0.59550,0.83562,1
0.48572,-0.29552,-0.51400,-0.04879,-0.45285,-0.51383,-0.13269,-0.21224,1
0.10678,1.41979,0.91177,0.84956,0.51732,-0.60379,-1.06066,-0.22756,0
1.18616,1.19920,-1.45802,-1.77415,1.67486,1.42501,-0.62656,-0.07722,1
0.04999,1.10318,-0.48798,0.59179,0.27378,0.30063,1.05402,0.14666,0
-1.28132,0.90240,-0.48705,0.89781,0.26475,-0.97803,0.25505,-0.63503,0
0.27022,-0.40429,1.01005,-0.71173,-0.36763,-0.69988,-0.79390,-0.26975,1
0.21421,0.56072,0.05104,-0.45508,-1.55908,0.94213,-0.50762,0.40073,0
-1.06511,1.51422,0.69156,-0.88865,0.34807,1.34274,-0.17662,-1.70130,0
0.45681,1.84741,-1.59723,1.02483,-0.23286,-0.09117,0.19173,0.01232,1
0.86279,-1.16457,-0.08604,-0.93559,-0.51071,2.97257,-0.84595,0.44886,1
0.30632,-1.91995,-1.14722,-1.81621,-0.15288,-1.31465,-0.89725,-1.53513,1
0.67319,0.59686,1.48636,-0.17587,0.73809,1.12960,2.09204,-1.24955,1
-0.81034,-0.98096,-1.38663,0.71444,0.72813,-1.39781,-1.08572,0.31370,1
-0.49170,0.22901,-0.16908,1.06002,1.12671,-1.82985,1.35628,-0.48181,0
-1.13403,0.60291,-0.97970,-1.25724,-0.34497,1.36120,-1.81791,-1.04132,0
-1.69155,-1.20473,-0.14856,-1.31979,0.31038,0.10582,0.72220,1.92004,0
-0.98847,-0.48094,-0.60430,-0.45217,0.40336,0.59984,-0.50596,1.33170,0
-0.27164,-0.11589,-0.88991,0.66798,0.74571,0.00280,-2.15301,-0.24385,0
0.59327,-0.41729,-0.09673,0.51256,-1.81939,0.79471,-1.89370,0.09554,1
0.57496,-0.50195,0.46715,0.49386,-0.53173,-0.42438,0.80389,0.30647,1
0.60049,0.41084,-0.56933,-1.05697,-1.02138,-1.33595,-2.00881,-0.59002,1
-0.90081,0.06433,-0.22828,0.37315,1.12583,-0.98093,-0.25024,-0.38074,0
-0.87357,-1.19301,0.05965,0.26356,-0.27728,0.56236,0.31181,1.01166,0
0.04326,0.15319,1.12080,-0.43162,0.46205,0.99534,0.90266,0.83184,1
0.62508,-0.28211,0.98444,-0.50287,-0.42016,-0.21233,0.54206,1.60951,1
1.32129,1.27439,0.69183,0.15560,-0.86750,-0.58316,0.13986,1.70718,1
0.57861,0.37290,0.58160,-1.34022,-0.66018,0.51650,1.02362,-0.59307,1
0.55898,-1.88239,0.50444,1.42767,-0.20004,-0.61501,2.67545,0.04965,1
1.38356,-0.64945,-1.18830,-1.52947,0.99608,-1.65760,-1.99553,-0.61334,1
-0.38848,-0.27537,-1.24011,-0.80725,0.05714,-1.93269,0.09800,0.60594,1
1.37327,0.45569,1.15743,0.30123,1.49451,0.12768,2.08735,0.59984,1
-0.55728,0.18473,-1.74170,1.21108,-0.27334,1.23282,2.20936,0.01044,1
0.03826,-0.15100,0.37309,2.21644,1.28405,0.24143,1.06047,-2.05796,0
0.12392,-2.82954,1.12432,-2.16877,0.54765,-0.90283,2.55912,-1.26456,1
-0.32882,1.69260,0.44367,0.20734,-0.22983,0.09453,-0.74955,-0.16558,0
-0.04369,0.73090,0.08124,0.84671,-1.48694,1.41068,0.45779,1.63954,0
0.53218,-0.10151,0.14117,-1.15352,-0.22613,0.18633,0.13469,-1.63637,0
0.49081,-1.00332,-0.21468,0.85128,-0.70631,-0.12512,-0.44015,0.54032,1
-1.15222,-1.55119,-2.07426,2.17596,0.67788,1.61824,-0.37404,1.12252,1
-0.44517,-1.26278,0.84696,-0.29445,0.25991,0.41894,0.59148,-0.21275,1
-2.30946,-1.18805,0.56549,1.94692,-0.03518,1.37976,-2.37669,1.49010,0
-1.13558,-1.01349,-0.29978,0.29668,-1.19775,0.99611,-1.44220,0.13603,0
-0.88382,0.21339,-2.01757,-0.97930,-1.24906,0.90968,-2.23969,1.73091,1
-0.51325,0.18982,-2.54752,-0.79698,0.83762,1.50036,-0.99096,1.13274,1
0.17500,0.64200,-0.21250,1.51498,-1.70756,0.64242,1.53768,0.76914,0
-0.28665,0.51754,0.26141,-0.27533,1.06963,1.34279,-1.36069,1.85846,0
0.05174,-0.17073,0.92643,-0.76720,0.46818,-0.32747,-0.03494,0.38742,1
0.02114,-0.32820,1.20518,0.57368,0.49927,0.88494,-2.08931,0.90928,1
2.30698,-1.03428,2.51807,-1.79007,-0.69746,0.67430,-0.59773,-0.89008,1
0.15304,0.43728,0.87444,-0.27215,-2.02861,0.57260,1.29543,-0.46126,1
0.78673,-1.36323,-0.72237,-1.18643,0.09604,-1.17149,1.65628,0.51240,1
0.04359,0.71582,1.27747,0.38876,-0.83656,0.08729,-0.43633,0.53856,1
-0.38711,0.07086,1.05013,-0.79861,-0.14768,-0.23339,-0.60954,2.55889,1
1.16938,-0.65871,-0.64219,0.34135,1.26651,-0.10245,0.85250,-1.74708,1
0.40436,1.32532,0.16237,-0.63545,1.11125,-0.98339,-0.28219,0.61401,0
-0.90790,2.65120,-0.18953,-2.01243,1.10402,0.36242,-0.03673,0.49282,0
0.64320,-0.10112,0.69469,0.39806,0.96076,-0.47575,-0.37717,0.63628,1
0.70919,-0.01584,0.10389,0.96136,-0.84437,-1.19412,0.80115,0.39230,1
-0.69825,-0.28068,-0.75454,-0.51767,1.32664,0.05381,-1.10882,0.52735,0
0.52986,-0.05978,-0.06735,0.50570,0.77122,-0.09662,-0.56399,-0.22715,1
0.98059,0.77378,-0.42069,2.84116,2.51128,-1.05223,1.02994,-0.99627,1
0.04416,1.55381,0.77403,-1.19377,0.51787,-2.45294,-1.58613,0.03528,0
-0.82564,1.57734,0.13350,1.27759,0.11758,0.16950,0.17283,1.96652,0
1.61760,-1.11862,-0.25987,1.68602,-1.50589,1.83898,0.63445,-1.02060,1
-2.22188,0.05997,1.74315,0.23450,0.55427,0.48679,-0.24572,0.39721,0
-0.62774,-0.57321,-0.92373,-0.37398,-0.37460,0.18665,-0.34557,-1.65742,0
-1.10550,-0.26799,0.52914,-0.28949,0.39078,-1.53862,1.18928,-0.46125,0
-0.80588,0.03876,0.45071,-0.22601,0.66004,-1.76610,-0.10006,0.86103,0
0.47956,-0.28362,0.32546,1.75672,-1.12933,0.26196,0.12620,0.69801,1
-1.14120,1.60180,0.87161,2.31884,0.08063,-0.60191,-1.79683,-0.47204,0
-1.26892,-2.01118,-0.86617,-0.26161,-0.16691,2.58486,1.55929,0.19609,1
0.72057,-0.37697,-0.41373,0.49852,-0.11135,1.60113,0.75233,-1.03483,1
-1.49022,0.15912,1.20438,-1.04548,-0.92940,2.40265,0.03008,-0.33136,0
2.48848,-0.29373,-1.12894,0.08372,-1.24861,-1.58509,0.96536,-0.55695,1
0.49108,-1.10735,-0.24025,-1.22943,-0.94346,1.75144,0.75050,0.68245,1
-0.02058,-0.34707,-0.02588,-0.42988,0.51617,-0.09331,0.19834,2.67743,0
-0.00221,-1.08707,1.59417,-1.03051,-1.03474,1.81258,0.44699,-1.00851,1
0.10124,1.41802,-0.90410,0.21664,2.44517,-0.12580,-1.66707,-0.37824,0
-0.27826,-0.51839,1.75340,0.21293,0.04229,0.56178,0.16036,-1.92622,1
0.68146,0.55366,0.39495,0.74011,1.12101,1.39314,-1.59646,-0.75566,1
-1.01669,-0.45498,0.36857,-1.78544,0.66900,-1.51416,-0.99359,-1.21977,0
-0.49316,0.32113,-2.05760,1.56145,-0.96528,2.16385,-1.53901,0.86365,1
0.56954,-0.23298,-1.43188,-0.46828,1.28961,0.85816,0.86022,1.49232,1
0.48670,-0.06186,0.87292,0.69737,1.37772,0.47768,0.61141,1.01237,1
0.00027,-1.08429,-0.03497,0.09945,1.12767,0.65320,-0.50041,0.23126,1
-0.29815,-0.49385,0.81424,-1.04452,1.06387,-0.34292,0.43217,-0.39988,1
-0.66231,-0.62996,0.84516,-1.69769,0.11779,-0.64358,-0.50697,1.82337,0
-0.70106,-0.73713,-1.54677,-1.87015,-0.24141,-0.68539,0.69089,0.20255,1
-0.91018,1.46849,1.09949,0.01900,0.78359,1.71291,0.39364,-0.54705,0
0.11719,0.17370,0.27757,1.14583,0.31768,-1.65206,-0.80052,-1.06653,0
0.35452,-0.26862,0.35268,-0.49437,-0.72835,1.01732,0.40300,-0.23934,1
-1.66291,-1.28659,-1.18437,-0.06119,-0.95861,1.07004,0.74242,-0.16494,0
-0.85175,-0.50261,0.29107,0.02104,-0.21232,1.17292,-0.34960,-0.13805,0
0.55396,0.27079,1.08083,-0.49232,-0.77870,0.65786,0.12748,0.79192,1
0.72177,0.70701,-0.97508,-0.09677,-0.53955,-0.46697,0.12334,1.51590,1
2.08850,-0.82286,-0.04077,-0.80493,-0.77980,-0.27032,-1.62174,0.35953,1
-1.12758,-0.17490,-0.79846,0.67948,0.80027,0.60454,-0.06021,-1.60953,0
-1.05975,0.44228,-0.61000,-0.32083,0.51407,2.11289,-0.74545,0.43161,0
-0.57104,-1.12620,-0.34480,-0.25295,-0.43597,0.50850,-0.28964,-2.06232,0
0.52746,0.48065,-1.43533,-0.67624,-0.48220,0.67775,-0.25079,0.95062,1
-0.75766,0.85214,0.00165,-0.37117,0.83325,0.79607,0.57535,-0.12834,0
1.04660,1.19373,-0.31111,0.10751,-1.51628,-0.68177,0.97358,-0.95544,1
0.33399,-0.03813,1.64358,0.13941,-1.87712,-0.42266,0.42234,0.60745,1
0.46436,1.27040,0.25267,-1.89373,-0.63957,0.21137,-0.68421,0.34798,0
0.28371,1.61267,-0.70558,-1.20202,-1.25470,-0.47579,0.50036,-0.15650,1
-0.68928,-1.10846,-0.23526,0.62001,1.11532,1.24854,0.71030,0.30403,0
-0.62371,0.31114,1.48377,0.10802,0.74534,0.00245,0.47362,-0.92598,1
-1.28078,-0.98340,-1.94773,0.85983,2.38363,-0.20870,-0.79394,0.35573,1
1.59457,0.09049,1.28418,-0.00953,0.23276,-1.51636,0.34968,-0.93038,1
-1.04742,-1.56665,0.60073,2.28533,-0.72083,-0.26960,-0.36060,0.44113,0
0.98347,-0.03671,-0.40018,-1.79736,0.63273,0.07925,-1.80775,-1.17406,1
-0.98618,-0.44595,-0.89757,0.77764,-0.95126,-0.50514,-1.04654,0.69085,0
-0.43105,0.00532,0.55265,-0.01027,-0.14187,0.75208,0.37465,0.11587,0
-0.38482,0.16309,-0.71916,1.49564,0.28377,0.45032,-0.64132,-0.22318,0
0.69026,-1.94918,-0.27056,-0.64179,-1.13399,0.68041,-0.76794,-1.03941,1
1.00114,-1.87891,1.03354,1.06614,-2.04447,-0.22797,0.28682,1.01780,1
-0.53056,-0.16581,0.74460,-0.90174,0.58212,1.10510,-1.04872,0.29938,0
0.07801,-1.05043,0.15175,-0.25768,-0.79377,-0.36120,-0.97698,0.39817,1
0.40955,0.75655,0.10039,0.21098,-0.55907,0.65156,-0.62496,0.56464,0
-0.45776,-0.77432,0.38968,1.63455,0.85605,-0.44936,-1.38952,-1.50285,0
0.28029,0.16378,-1.93001,-0.15892,1.07699,-0.02559,-0.03236,-1.16019,1
0.68962,-0.70671,-0.57032,1.14617,-1.01323,-0.20253,-0.01010,0.38519,1
1.53784,-0.01834,0.52212,-0.09231,-1.67407,1.11234,0.73243,1.20135,1
-1.05206,0.14192,1.90128,2.20470,0.07537,0.29609,-0.95999,-0.20589,1
-0.76546,1.04577,-0.40332,-0.09136,0.79444,-0.13200,1.03968,-0.16837,0
0.74878,-1.01153,-0.01714,-1.47553,-0.86287,-0.73806,1.93291,-1.05869,1
1.93825,0.66031,0.46188,-0.72919,0.81406,1.88716,0.97891,0.39777,1
0.07624,0.69079,0.15917,-0.20725,0.87031,-0.33145,0.88744,2.10422,0
0.96020,-0.48234,-0.18702,1.06060,-0.82367,1.86834,-0.19508,0.13858,1
0.42202,3.25720,-0.08746,-0.57233,-0.40371,0.65747,1.69638,-1.01724,0
-0.35254,-0.21929,-0.38607,1.50105,0.88566,1.41643,-0.47974,-1.09679,0
-0.05112,-0.74757,0.21505,1.05970,-2.18658,0.73846,2.14183,-1.22600,1
0.32150,-1.17785,-0.87292,0.11418,1.82458,1.60899,0.11382,1.02681,1
-2.76558,-0.35221,-0.25091,0.57361,-0.78372,-0.88512,-0.92294,0.56950,0
0.37477,-0.36644,0.93674,-0.14097,-0.62744,-0.69419,-2.09408,0.16425,1
0.69452,0.49816,2.66121,-0.35182,-1.28978,1.78770,1.56595,-0.78424,1
-0.05897,-0.48987,0.54114,-0.33687,0.77005,0.98336,1.98303,-0.41238,1
0.77458,1.04260,0.24219,1.62305,0.44278,0.14341,2.12721,-0.76975,1
1.19475,-0.73444,0.59846,0.81707,0.95649,1.45286,-0.66481,-1.24598,1
0.21256,0.32567,-0.07876,2.49501,0.12875,-1.27805,-0.71328,0.47414,1
-0.09072,1.18809,0.89234,0.92226,0.86353,0.82019,-0.11674,1.56535,0
1.13021,-0.69587,0.44807,1.04315,1.45135,0.47932,0.86628,-1.94728,1
-0.25032,0.00905,-1.01625,-0.00143,-0.26042,-1.15997,0.56437,-0.65997,1
-0.38946,0.96995,-0.64542,1.40066,0.47142,-0.83214,-1.45193,0.08133,0
-0.73210,-1.18053,-1.27128,-0.51851,-0.47579,0.16157,-1.25099,-0.52909,1
-0.62276,-0.75424,1.30191,0.27156,2.14667,0.79170,0.37095,1.25592,1
1.17146,-1.62014,-0.80398,-0.22575,0.28545,0.28136,-1.54339,0.37752,1
0.44751,-0.89925,-1.16837,0.57034,-0.44270,0.84987,1.01253,0.37618,1
-1.43414,-0.89077,-1.82980,-0.50939,-0.88985,1.56354,0.64493,-0.24859,1
-1.22025,1.80565,-0.87690,-2.01550,-0.75215,-1.44076,0.81673,-1.02664,0
0.51230,1.50546,-0.91995,-0.11793,1.90902,-0.26797,-0.25660,-0.31147,0
-0.75005,-0.79379,1.04554,1.24014,-0.90172,2.00668,1.64781,-0.30894,0
-1.65507,-1.02183,-0.20269,-0.24178,1.71848,-1.27805,-0.11460,-0.19287,0
0.82201,-0.23390,-0.28030,-0.01891,-0.46259,0.55030,0.55105,-0.87052,1
0.85203,0.32889,-0.11686,0.97823,1.28538,-0.76594,-0.36045,0.10708,1
1.66203,0.39954,0.23604,2.00436,-0.23764,0.97850,-0.67634,0.09707,1
0.91501,-0.71641,-0.65821,-0.13153,1.49962,-1.65099,-0.59395,0.99131,1
-2.19549,1.89171,0.16417,2.00488,-0.94785,0.82765,-0.65119,0.28492,0
-0.73979,-0.63527,-1.71690,-2.83465,-0.05596,2.36305,-0.29283,-0.48653,1
0.48949,-0.67007,-0.51445,-1.26198,-0.92865,1.07770,-0.85176,0.20226,1
-0.36952,-0.86918,0.31055,0.82660,-1.22250,0.34888,0.78621,-0.30624,0
-0.07977,0.00495,0.20358,-1.12795,-0.51585,0.41354,-0.75869,-0.08654,0
-0.07271,-0.77957,0.13310,1.30769,-0.79304,-0.61555,-0.16040,-1.20722,1
-0.60185,-1.48350,-1.86658,0.33490,0.83745,1.73684,-0.16096,0.95557,1
-0.29473,-0.73460,0.64509,-0.25130,0.65842,0.29250,-0.97590,-1.10099,0
-1.03601,-0.65940,0.90753,-0.11255,1.42267,0.54560,-0.17778,-0.85628,0
-1.96477,1.08493,1.30448,-0.23343,1.74878,-0.06453,-0.02392,1.14047,0
0.01244,-0.45427,-0.35867,-1.71851,-0.07811,-0.01998,1.21885,0.64401,0
-0.74570,0.80627,0.29317,1.56613,0.90362,-0.10365,1.04373,-0.37305,0
-0.95915,0.24210,0.55685,1.04552,-0.02909,0.05806,0.72515,-0.07249,0
1.61035,-1.48587,-1.26622,-0.27580,1.10802,-0.09186,-1.35475,0.77657,1
-1.12442,1.28308,0.90463,1.50537,1.25399,1.09528,0.71562,-0.30961,0
-0.10111,0.01411,0.19784,-0.53763,-0.73059,1.41997,-1.17096,1.07989,0
2.03608,-1.01674,1.39083,-0.11401,1.46612,-0.56156,1.29571,-0.68706,1
-1.30799,1.76981,-0.83316,-1.27074,0.03499,-0.31373,1.19108,-0.86505,0
-0.43586,0.79126,-0.71916,1.03463,1.07526,1.98613,2.10098,-0.72280,0
-0.71559,-0.91329,-0.01673,-0.12575,-0.21666,-1.14842,1.30055,-1.48230,0
-0.53763,0.80035,0.62730,-0.20701,0.95184,-0.33014,1.98203,1.04840,0
-0.74871,0.85799,-0.21895,0.38516,1.22358,-0.82531,1.40550,-0.26663,0
1.09412,0.44283,-0.55122,-1.35886,-1.22419,0.29729,-1.08728,-0.49455,1
-0.24640,-0.64115,-0.44701,0.60717,1.11897,0.46682,0.64524,0.53437,1
-0.43866,0.18543,-1.69050,0.08108,-0.42763,1.23754,-1.85796,-1.07002,1
2.27926,0.73495,1.38280,-0.78869,-1.45381,0.48243,0.16025,0.54430,1
1.54666,0.85431,-1.54741,-0.51018,-2.20651,0.54701,-0.46525,-1.27079,1
0.35949,-1.10543,1.00826,0.71710,2.23464,-0.75272,0.95452,-0.45099,1
-1.20387,1.85824,-1.06141,1.65065,-0.35540,0.72452,-0.42698,-0.77316,0
-0.90032,-0.41735,0.24608,1.40144,-0.79365,0.02849,-0.26937,-0.08430,0
-1.02306,-1.38053,-0.46886,-0.03225,2.40499,1.49840,-0.40500,-1.29491,1
-1.70962,0.94330,1.20386,2.07678,-0.26262,0.38941,-0.34271,1.42478,0
0.92859,-0.77451,0.16911,-0.99924,0.11122,-1.41550,0.19628,1.19266,1
1.26400,-1.23915,0.05108,-1.33521,1.09178,0.40713,-1.13484,-0.91347,1
0.55926,-1.69867,0.06879,0.36189,-0.65999,-0.26549,0.09039,0.57783,1
-1.24872,-0.56182,0.80092,-2.61106,0.98043,1.33746,1.89690,-2.35974,0
-0.45914,-0.64748,1.45127,0.66736,1.02439,0.73510,-1.52396,0.42005,1
-2.17783,0.44190,0.20123,-0.18041,0.23853,0.71489,-0.78162,0.35854,0
1.45615,0.39574,0.23069,-0.01451,-1.29783,1.42852,-0.41238,0.04024,1
-0.29829,-0.35560,-0.58981,-0.70427,0.93232,1.36579,0.24212,-1.15519,1
-0.06618,2.22055,0.31236,-0.19588,-0.81914,0.53019,-0.23927,1.28408,0
1.08672,0.51414,0.07527,0.53874,0.31565,-0.23376,1.32986,-0.09270,1
-0.53476,-1.67766,-0.21486,-1.53370,0.76272,-0.80608,-0.91524,-2.26439,1
0.27614,-0.30292,0.69996,-0.92801,1.02288,0.73858,1.63958,-0.45489,1
1.12921,-0.81597,0.10549,-0.23586,1.38968,0.43678,1.96043,0.40014,1
0.17962,-0.06510,0.27500,-0.71587,-1.06506,-0.53022,-0.35800,-0.50926,0
2.18804,-0.17456,-0.29001,1.26398,0.90734,-0.72237,0.86103,1.02042,1
-0.82486,-0.13095,0.72010,0.91252,-0.73603,1.20522,0.55426,-0.90713,0
-0.23440,1.84195,0.39894,-1.88541,-1.23653,1.51647,-0.04906,0.17367,0
-1.16270,1.54386,-0.11115,-0.60008,-0.12001,3.01373,0.03257,0.37680,0
-1.43045,-0.62701,-1.85928,0.95881,-0.67885,-0.44661,0.12729,0.36536,1
2.06251,0.02551,1.05825,-0.71193,-0.99192,-0.71174,-0.05702,0.25968,1
1.05755,0.92239,-0.56253,0.29682,1.08148,-1.33532,-0.67365,-1.27067,1
0.60879,-0.02282,-0.87039,0.50988,-0.35621,0.98695,-0.19537,0.33078,1
-1.38872,0.45314,-0.37861,-1.69177,-1.81111,-0.97357,0.78362,-2.11881,0
1.17588,-0.17393,0.23403,0.75388,-0.79104,-0.02848,-0.14528,-0.58903,1
0.85578,0.12265,0.75572,0.85973,0.40084,0.77332,-1.12384,-1.30906,1
1.45287,-0.37818,0.65142,1.09757,0.36763,0.80770,-1.21362,-1.31415,1
-1.15752,-0.60804,-2.60476,-0.40343,-1.85196,0.99659,0.43250,0.48614,1
-1.93704,-0.39230,1.45477,-0.71309,0.85775,-0.88740,-0.15332,2.64697,0
0.67044,1.31559,-0.04865,-1.53463,-1.45215,0.82967,0.30043,1.45550,0
-0.47613,0.35588,-0.69543,0.66485,-2.08214,0.03754,-0.88686,-0.12949,0
1.01462,0.38734,0.62689,-0.79367,-2.67189,-1.12590,0.26174,-1.16919,1
0.37104,-1.84174,-0.15681,1.33217,0.50271,-0.84954,0.67909,-0.13315,1
-0.62405,1.12485,0.37983,-1.95970,-0.64103,1.54276,-0.11525,1.97988,0
0.75358,0.94862,-1.66530,-0.47736,1.50843,1.37312,0.19622,-0.66365,1
-0.89776,-0.27226,-0.10687,-0.98067,-0.97361,0.56676,1.26749,0.41476,0
0.11668,1.36596,-1.20171,-0.16259,-0.39723,-0.52371,-0.95955,1.00030,0
0.59143,-0.23180,1.53170,-1.49393,-0.18744,-0.93644,1.67690,-0.17966,1
0.31170,-0.35360,1.09923,0.54797,0.48629,0.15715,0.85925,0.51343,1
0.62132,-1.42769,1.22070,1.09125,0.69470,-0.28071,0.04412,-1.06869,1
-0.47761,2.00421,-0.11287,-0.54716,0.29840,-0.11550,-1.05678,0.49844,0
-0.42460,0.06496,1.19707,0.27646,1.35293,0.54831,-0.65741,-0.75277,1
0.09633,-1.02337,0.46096,1.50761,-0.20933,-0.11097,1.91836,0.89292,1
0.57722,0.97353,0.17999,1.57792,0.94553,-2.34449,0.76452,0.41202,0
-1.50754,1.14547,-0.04582,-0.55098,-2.06534,-0.01329,0.01138,0.62778,0
0.25085,-0.01812,-0.76234,-0.30825,0.56379,-1.68065,-0.50574,-0.00078,1
-0.03769,0.68020,1.82025,-0.31582,-0.23197,-0.39007,-2.12895,1.20809,1
0.33775,0.70859,0.03938,0.85889,-0.22864,0.70939,-0.61213,1.22167,0
-1.14761,0.70667,0.27022,0.83382,-0.25534,-0.69550,-0.52510,-0.27085,0
-0.13254,-0.94592,-0.29379,-1.84272,-0.38308,-0.17646,1.95658,1.58759,1
1.22917,0.76786,-0.02971,-1.68889,-0.33228,-0.40900,-0.72711,0.90220,1
-0.24953,-0.78238,-1.63808,1.38046,0.97784,-0.04324,0.43637,-0.09922,1
0.74641,0.33776,-0.43263,-0.60732,-1.26089,-0.33810,1.15224,-1.76914,1
0.46572,0.45896,-0.60810,-1.57484,-0.60426,-0.59910,0.56683,0.50165,0
-0.27914,0.58601,-0.81805,0.03995,1.11616,-0.31996,-0.07585,-1.35084,0
-0.18801,0.48288,-0.47462,1.45966,0.65357,0.07912,0.94948,1.23284,0
1.24894,-0.98563,-0.69513,0.02534,-0.73140,1.97004,-1.87668,0.20287,1
-1.46905,-1.08013,1.29470,-0.11579,0.12135,0.47367,-0.47125,0.59425,1
0.60806,0.01009,-0.35977,0.21484,0.95859,-0.15468,-0.07918,-1.32702,1
0.87788,-0.62407,0.92908,0.52657,1.27374,0.42888,-0.88176,2.34919,1
1.24620,0.02096,-0.66032,-1.05138,1.55904,-0.22401,0.34169,0.86080,1
0.32191,0.54431,-0.11760,0.73319,1.03834,-0.08624,0.35667,-0.32969,0
0.28136,1.35744,0.39115,-0.35069,-0.04856,-1.05781,-0.25575,1.29515,0
1.57171,-1.72713,0.73154,0.22489,-1.68264,0.43112,0.38958,0.65570,1
-1.25124,-0.47614,0.43825,-1.59649,1.49430,0.36073,-0.46378,1.34961,0
1.21157,-0.37362,-0.92693,0.78706,2.73063,0.25438,-0.35222,-1.10657,1
0.78829,-1.26039,0.63442,0.52244,0.25275,-0.25237,2.08926,0.08000,1
1.84441,0.62438,1.37500,-0.45207,0.52317,0.06332,-0.19331,-1.20246,1
0.12017,2.23357,1.81911,-0.12584,1.95385,0.19550,-0.79409,-0.05010,1
0.51887,0.77025,0.20947,0.03765,0.63266,0.13866,-1.00381,-0.12230,0
0.01407,-0.44104,0.45657,0.15423,-0.63386,1.29375,-0.37641,0.25309,0
-0.10891,-0.73376,0.56054,0.24783,0.73539,1.91693,0.07642,-0.19815,1
-2.86162,0.53795,-0.65567,-0.74116,-0.56561,0.45844,-0.26854,-0.25145,0
-0.30628,-0.02719,-0.31745,-0.71797,-1.07017,0.94305,0.48678,-0.03674,0
-0.66041,1.71897,-0.40373,0.67088,-1.20095,1.07977,0.69705,-0.87768,0
0.08318,-1.02644,-0.31810,-1.28234,0.19045,1.01430,-0.65188,-0.38922,1
0.31276,-1.78140,0.12375,-0.47420,0.02837,-2.73310,-1.07638,-0.33527,1
0.75723,-1.32874,-1.34442,-0.32458,-0.52495,0.23100,-0.77998,0.05087,1
-1.03918,0.03952,0.88567,-0.60428,-0.51092,1.38608,-0.86920,-1.08812,0
-1.63294,-0.86950,-0.14077,-0.48720,2.15002,-0.84445,-0.97042,-0.14817,0
1.13838,-0.47625,0.13458,0.16325,-0.45679,-0.07486,-1.20342,-2.55713,1
-0.47006,0.85185,-0.08097,-1.07096,-0.30730,1.25839,-1.01124,0.03711,0
0.06885,0.87294,-0.66448,1.14984,-0.47819,0.69325,1.03781,1.70214,0
1.75463,-0.98304,1.43629,-1.52612,-0.53209,0.26482,-1.32331,0.06159,1
0.49138,0.86866,-0.17423,1.24460,0.04867,0.83780,1.01088,1.85022,0
-0.10146,0.56444,-0.09514,-0.17900,-0.83860,0.99851,-0.94686,-1.21670,0
-0.16342,-0.54922,2.28551,0.26075,2.20539,-1.40936,-0.71610,1.35557,1
-0.63247,-0.67635,0.53098,-0.70101,-0.70352,0.77346,-0.28401,0.13853,0
1.14665,1.24580,0.85848,1.99488,-0.36340,-0.92193,1.81929,0.37997,1
-0.26395,-2.13075,1.06221,0.85003,-0.72212,0.39808,0.92853,-1.33392,1
0.75384,0.22382,-0.90539,-0.39933,-0.41094,-0.69340,-0.35038,-1.88984,1
-0.17997,1.80872,0.34497,-0.69642,0.47684,0.65682,0.49748,1.08848,0
-0.99666,1.01624,-1.18048,0.16440,-1.59568,0.25449,-1.72232,0.18875,0
2.85860,-1.77195,0.10727,0.20424,-0.04543,0.60533,-1.39685,1.60790,1
0.50384,0.69101,-0.07465,0.83083,-1.36246,0.91472,-0.60393,0.35773,0
0.72118,0.72111,0.87645,0.43813,-1.33053,1.07807,0.32310,0.29155,0
-1.38292,-0.03070,0.49088,0.43968,0.17996,1.12518,-1.04907,-1.29664,0
-1.91728,0.25340,0.52995,0.19830,0.14150,-2.04175,0.47705,-0.31123,0
1.74008,-1.24437,-1.10196,0.35174,-1.85692,-0.79146,1.40447,0.44038,1
-0.40393,1.78506,0.41188,0.27182,-0.53829,1.30149,-1.67010,1.25765,0
0.95849,0.04221,2.02563,0.27713,0.34973,-0.85075,-0.46655,0.61637,1
0.60643,0.32670,0.29859,1.28311,-0.23064,0.37926,-1.53400,0.85190,0
-0.26971,1.61547,0.61569,0.46668,-1.79906,-1.49768,-0.10945,-0.65461,0
-0.53155,-0.36827,-0.85403,0.87012,0.41628,1.58006,-1.00924,2.11818,1
-0.55239,0.19435,1.95157,1.08871,-1.54266,0.85861,1.53629,0.44256,1
0.66365,-0.96199,-0.03243,-0.49191,-1.33726,-0.80537,-0.44441,-0.84004,1
-0.76746,-0.69624,1.38587,1.45498,2.41532,-0.76631,0.35568,0.12062,1
-0.55929,-0.79343,0.91457,0.96635,2.04954,-1.12229,1.42242,-0.51862,1
-1.03910,0.89289,-0.05852,1.62917,-1.80825,1.15576,-0.96233,-0.73240,0
-2.06039,0.60280,-0.39875,1.25030,0.27647,-0.97500,-1.03701,-1.12161,0
-1.32597,0.50030,-1.10165,-0.61062,0.00307,-0.27540,0.07089,0.70107,0
0.48633,-1.10455,-0.01393,-1.48635,-0.30014,0.43130,-0.35272,0.43727,1
1.39746,1.40349,-2.19713,-0.68521,-0.12828,1.06187,-0.38938,1.73320,1
0.61187,-0.88693,-0.87623,-0.77384,-1.65275,-0.27728,1.39781,0.42116,1
1.21022,-0.61078,-0.82710,-0.41636,-0.90606,1.96455,-0.28355,1.01657,1
0.32221,-0.56216,1.01639,0.57368,0.37993,-0.01539,0.27585,0.56433,1
1.73352,-0.27609,-0.45009,-1.14500,-0.11832,0.35755,1.80205,-1.09420,1
-2.08083,-0.54103,-0.26689,-0.72399,2.27789,-2.86651,-1.12254,-0.53922,0
0.44843,0.78393,0.05047,0.58720,-0.32550,-1.68320,0.00358,-1.10198,0
-2.28637,-0.86217,-0.41626,-0.02765,0.00258,0.11120,1.56965,0.27413,0
0.26063,1.44672,1.15982,-0.83362,0.39372,-0.79187,0.04424,1.52686,0
0.12738,-0.35158,-1.32473,0.39048,-0.09012,0.83042,0.73928,0.77401,1
1.17840,-0.14274,1.37223,-1.66276,1.15489,-1.07383,-1.76501,-0.22098,1
-0.28627,0.91197,-0.77509,-1.20543,0.12895,0.48053,-0.83527,0.12554,0
-1.19582,0.12630,-0.03067,-2.49562,0.47550,-0.19080,-0.98424,1.87930,0
0.46817,-0.44535,-0.61568,0.26006,0.85810,0.12788,0.56334,-0.95170,1
-0.21433,1.03291,0.11693,0.60510,-0.28401,1.30303,-0.65292,-0.80420,0
-1.31715,0.29695,-0.13562,0.84169,-0.47368,-1.57656,0.04244,-0.89524,0
-0.65442,1.05602,0.45237,-0.46127,-0.03905,-1.19539,-1.37035,0.55026,0
1.14945,0.39846,-1.05195,-0.12750,-0.09698,-0.06218,-1.33345,0.46296,1
-0.19942,-1.12396,-1.85264,-1.22006,-0.78576,0.22607,0.77091,-1.56162,1
0.66577,0.79285,-0.76006,-0.76986,1.86066,-0.24201,0.59578,-0.35417,0
-0.29643,-1.48427,-0.22584,-1.18250,-0.96182,0.48460,-0.55430,2.15636,1
-0.26458,0.80841,0.36810,-1.46419,-2.24911,-1.68254,-0.20215,1.07286,0
-0.65004,0.15230,0.16511,2.64532,-0.55230,-0.52413,-0.06110,0.12821,0
-2.31072,-0.02336,-0.60662,-0.15440,-0.98624,0.80297,1.05810,0.54715,0
0.87257,-0.89119,-0.87163,-0.61689,0.70053,0.94130,0.90450,0.16725,1
0.28341,0.82481,-0.69554,-0.35889,0.39459,1.56820,0.62640,-0.03218,0
-0.49685,0.14222,-2.73395,0.71563,0.48653,-0.85279,0.33677,0.06199,1
-1.03080,1.37038,0.17438,-1.04181,2.17040,-0.04521,-0.67214,0.74759,0
0.89126,0.31458,-2.90714,-0.05482,-0.07410,-0.10671,0.62301,0.24946,1
-0.24233,-1.46239,0.67631,-0.25032,0.16119,1.16011,0.85051,0.19054,1
-0.89650,-0.84869,-1.29928,-0.55485,1.77809,-0.09574,-0.03127,0.06829,1
0.57662,1.19058,-0.20898,0.80586,3.10411,-2.51507,-0.30522,-0.07276,0
0.03428,0.19633,-0.65674,3.14503,-0.30211,0.22522,-0.22146,0.53367,0
0.53102,0.30975,1.41468,-0.14001,1.00990,-1.47228,1.01920,0.54037,1
0.57722,0.14044,-0.32643,-2.34442,-0.56657,-0.25129,-0.76822,0.41608,1
-0.37085,0.53842,-0.59159,0.45975,0.08587,-0.15981,-1.12084,1.30059,0
-0.37390,-1.23016,1.33825,-0.84567,-0.89027,0.16154,-1.43266,-0.66410,1
-1.80050,-1.89910,-0.01237,-0.21054,1.25411,1.80437,0.27334,0.41171,0
-1.18832,-0.45467,0.09847,0.98246,0.61070,-0.16891,-0.18707,-0.81922,0
-1.41122,-0.90695,-0.06581,0.22152,-0.21944,0.28893,1.80802,0.21567,0
-0.30662,-0.11129,-2.01552,0.55680,0.22948,0.24414,-0.88981,-0.80786,1
-1.41100,0.04190,2.84205,0.44566,2.04125,-0.80448,0.15002,1.02466,1
1.20705,-1.76353,-0.48188,0.97948,1.64579,-0.68894,-0.80423,-1.43550,1
-0.16137,-0.74684,1.70168,1.40879,0.18927,1.34295,0.74994,0.05172,1
0.72924,0.73899,0.02501,-0.62838,-0.22302,0.21408,1.34394,-0.62784,0
-0.15863,1.19684,-0.50094,0.94504,-1.02828,-0.34664,-0.24092,1.44102,0
0.08907,-1.25205,-1.25261,1.96765,0.53963,-0.45343,0.83962,-0.67836,1
0.38246,-0.63335,0.12948,-1.18649,0.38620,1.05156,-0.18100,0.59055,1
-0.76050,-0.25713,0.19826,0.83486,0.06866,-0.49741,-1.14704,-0.13769,0
-1.16045,0.80336,-1.78457,0.23009,-0.24809,-0.29075,-0.02822,0.63517,1
0.30964,-1.34279,1.05275,-1.02610,-0.23604,0.57725,-0.12108,-0.91546,1
-0.74023,-0.48188,1.45758,-1.33770,1.04915,-1.33247,-0.52855,0.48868,1
-0.78530,-0.09598,-0.30052,-0.95836,1.64351,-0.17416,1.53829,-2.12307,0
1.08200,-0.01880,-0.13150,1.11609,0.91032,1.24451,0.82649,-0.25076,1
-0.44645,-0.51815,-1.16472,1.00974,0.80025,0.32674,-0.40767,-0.79223,1
-0.40719,-0.22286,0.51440,0.64374,-1.57076,0.08589,0.15412,0.30555,0
-1.05550,0.24010,-0.32569,0.50809,0.35921,0.69257,1.48515,0.47978,0
0.57444,0.93745,-0.82725,-0.50332,-0.02914,-0.32297,1.60985,0.04952,1
-1.22193,-1.65394,2.65913,-0.01143,1.00208,0.66626,1.77358,-0.05477,1
-2.37851,-1.25366,-0.20978,-0.58196,0.61962,-0.47991,1.88621,-0.62648,0
0.40784,-1.50821,1.00187,-1.58491,0.10818,-0.16644,-1.28633,-0.87621,1
0.41560,-0.67197,0.57004,-0.47863,0.27882,-0.61760,0.79474,-0.43565,1
-1.21815,0.28316,1.00448,-0.67596,-0.10633,-0.35977,0.96640,-0.66948,0
-0.82469,-0.70533,0.80604,-0.18457,0.87588,-0.21617,0.01193,-0.90556,0
-0.11973,-1.55047,0.12357,-1.01120,0.03227,0.13752,0.56102,-0.09715,1
-0.45810,2.21772,1.32022,0.38254,-1.02248,0.48781,-0.90126,0.92881,0
-0.29387,-0.12834,1.72755,1.29341,0.47870,-0.23615,-1.19503,0.96199,1
-0.04656,-0.04484,-2.04224,-1.09647,-1.99537,0.06729,-0.11873,-1.83009,1
-0.05898,-0.89536,-2.43982,0.51808,1.90815,-0.65044,0.62328,-0.03355,1
-0.40882,2.13208,-1.17930,0.66281,-1.29853,-1.10264,0.71584,-0.99499,0
-0.01698,-0.54273,0.21762,-0.72528,0.48124,-0.92672,-0.03442,-0.35661,0
-1.13303,-1.37273,-0.62510,-2.37671,2.31023,0.91393,0.42732,1.71021,0
-2.21602,0.70074,-1.57697,0.33209,-0.06287,-1.62834,0.66360,1.13107,0
0.27152,0.17800,0.16405,-1.33555,-0.05599,0.70845,0.30168,1.56056,0
0.19413,-0.90574,0.41245,0.65175,-0.46909,0.60075,0.81890,-0.58550,1
0.80674,1.01477,-1.18648,-0.02785,0.77417,0.09981,0.78461,-0.44891,1
-1.24711,0.12750,-1.97204,0.27505,1.49369,0.38762,-0.41388,-0.61390,1
-0.03534,2.06639,0.78870,-0.11295,-0.35737,0.20376,1.85229,-1.01067,0
-0.69144,-0.53194,-0.06262,0.33071,1.94543,0.69504,-1.64435,-1.38430,0
-0.24456,0.05279,0.38351,-0.66422,-0.25454,-1.15608,-1.01961,-0.07411,0
0.99029,-1.29228,1.07428,-0.25891,-0.87012,0.72066,-0.29173,0.18318,1
-0.19152,-0.17627,-0.18891,0.52783,-0.82814,1.27606,0.89900,0.71606,0
0.39910,0.22108,1.24824,0.86157,0.26380,0.39701,1.58494,1.63706,1
1.45876,-0.16260,1.47675,-0.23681,0.89869,0.61313,-0.03332,0.68623,1
0.80472,-0.23998,0.14977,-0.93767,2.54689,-0.76447,0.47523,0.13096,1
1.04032,-0.49339,1.00624,1.38427,0.34460,-0.32412,0.62575,-1.15004,1
0.16581,1.31798,0.21373,-2.23698,-0.71783,-0.04042,-0.40952,-1.90374,0
-1.23387,0.79340,0.04873,-2.63468,0.98483,-0.23147,-0.11307,-1.29991,0
0.46765,-0.72355,-0.32848,-1.15465,-2.17847,1.31225,-1.09411,-0.78855,1
-0.06630,0.70454,-0.58269,0.49114,1.82362,0.40045,-0.65660,1.15108,0
-0.87344,-0.42990,0.55095,0.42745,-1.55799,2.04396,0.61571,1.32037,0
0.00705,1.48953,-0.57830,-0.05607,-0.03816,0.75729,-1.36938,0.87222,0
-0.34719,-0.57845,0.28971,-1.96013,0.59718,-0.83888,0.41110,0.51789,0
3.13822,-2.66412,-0.90700,1.95209,-0.97764,-0.19659,-0.26229,-0.63185,1
1.96194,-0.00029,-0.43779,1.37550,-0.48086,-0.12048,-0.19352,1.83420,1
-0.44335,-1.32815,0.65655,-1.01010,-0.68982,0.29658,-0.34426,-1.25232,0
-0.02541,-1.13749,0.13032,-1.17489,-0.36970,1.78693,-0.86390,0.01876,1
1.05591,1.10416,0.65237,-0.04251,1.16999,-0.40432,2.05929,0.21056,0
-1.56552,2.46442,-0.45853,0.44358,0.92361,1.03578,-0.73937,-0.52923,0
0.08604,2.98339,0.47063,-0.04095,0.24586,0.95765,1.78669,-0.12023,0
-0.61501,-0.59343,-0.58337,0.89073,0.49775,0.71304,1.75189,-0.22320,0
1.09885,0.46394,-0.45182,-0.48559,-0.31554,0.09627,0.94944,1.02923,1
0.31887,1.05774,0.26839,0.35055,-0.12295,2.00252,1.63392,-0.49129,0
0.87095,0.24026,-0.22681,0.74016,0.18055,0.15985,-0.22633,-0.09356,1
-1.35186,-0.66257,-0.08180,0.87942,1.60409,0.35969,-1.18617,-0.73001,0
0.42860,-0.49390,-1.10018,-0.30752,-0.01460,0.41063,-0.92512,-0.14140,1
0.63476,0.69017,1.13568,0.52666,0.11220,2.14192,-0.04788,1.64655,1
-0.52028,1.15901,-1.45110,0.75235,-0.64978,-0.31591,-0.25930,-0.60660,0
-2.76047,1.96000,-0.38441,-1.38204,1.21121,1.66608,-0.06638,-0.20879,0
-1.22787,0.39591,-1.00853,1.91898,-0.16160,0.53343,-0.87502,-0.58955,0
0.38467,-1.07843,0.84726,-0.80452,0.30803,-0.91703,0.90658,-1.44706,1
-0.07099,-0.11476,-1.90590,-0.79398,0.12455,-1.09503,-0.28535,-2.72028,1
0.06046,-0.95450,-1.17952,-0.80049,-0.40612,-0.55980,0.30894,0.88675,1
0.44140,-0.24248,1.21712,-0.95359,-0.43117,-2.99112,-0.02438,-0.51872,1
1.13260,-0.48004,-0.61317,2.29439,0.41804,-0.78874,-1.57590,-1.34328,1
1.12005,0.01167,0.51563,0.32763,-0.67093,-0.58969,0.77835,-0.28292,1
-0.35965,-0.28535,0.06564,1.33536,0.36747,0.90503,-1.05569,-0.98142,0
1.24647,0.45502,0.30173,-0.19940,1.56884,0.36813,-0.38950,-0.39551,1
-0.27888,0.88679,0.64183,0.55604,1.90862,0.46612,0.09123,0.70303,0
0.60888,-1.65584,-1.01653,0.77323,0.87470,-0.24331,-0.43625,-1.30690,1
0.15175,0.33171,0.67245,-0.39025,-0.56629,0.99166,-0.11169,0.11458,1
-1.62489,-0.47494,1.31508,1.33804,-0.25120,0.47393,0.06951,2.08094,0
-2.55327,-0.07558,-3.27219,0.74844,1.57246,-0.10734,0.15315,0.51249,1
1.20027,-2.13153,-0.34558,0.31571,-0.38331,-0.65981,-0.89914,-0.28915,1
0.23785,1.16287,0.10084,-0.90796,0.12911,1.06180,-0.54127,-0.08499,0
0.77452,-0.61573,-0.14917,0.02587,0.50983,-1.95078,0.24466,-0.41665,1
-0.08810,0.99872,0.54869,2.24600,0.51181,-1.95413,-0.60783,0.37914,0
0.09787,1.25921,-1.84744,0.42780,0.12924,0.21470,-0.19093,-0.25948,1
-1.43506,1.80482,-0.97078,0.99761,-0.21336,-0.16549,1.87210,-0.19536,0
1.14690,-0.11550,0.58684,-0.39250,-1.01867,-0.71802,0.80323,0.46024,1
0.34664,-0.19764,0.22678,0.89484,0.18935,0.20888,-1.39781,-0.61806,1
-0.68295,-0.87723,0.25041,1.81087,1.34820,0.54369,-0.97932,0.60572,0
1.63860,-1.08339,-0.79411,-2.62051,-1.54128,1.94540,1.95130,0.80569,1
0.41201,-0.54748,0.85056,-0.18075,1.99506,0.99139,1.05019,0.17904,1
-0.61580,1.21354,-0.38976,-1.31465,1.24968,0.83625,0.01155,0.49483,0
2.58482,-2.34266,-0.07038,0.45056,-0.27210,-0.81941,1.53191,2.31705,1
1.00700,1.32377,-0.68590,-0.25193,0.37879,0.85859,-0.25199,1.37002,0
0.38761,0.91928,1.61143,0.63767,-0.87264,-1.21686,-0.59665,-0.08191,1
-0.04602,-0.42350,0.29540,0.10736,0.56726,-0.43699,1.13898,-2.28266,0
0.34514,0.08742,0.60074,1.78810,0.92435,0.22042,-0.41251,0.67542,0
-0.21585,-0.42796,1.17147,0.28204,0.41804,0.02649,-0.83103,-2.03560,1
0.50493,0.68542,0.22887,-1.07131,-0.46723,-0.05787,-1.44005,-0.14539,0
0.20180,-0.01179,-1.18102,-0.32809,-0.69688,-1.26098,-1.35004,-0.07932,1
-0.74949,2.03099,0.11683,0.28402,-0.04438,-0.65409,0.80334,0.52492,0
0.60573,0.41986,-1.79213,0.57154,-0.22471,0.02578,0.97680,-0.28404,1
-1.26106,0.46483,2.06911,-1.27560,0.33525,-0.36425,1.23695,0.00469,1
-1.29782,-2.03140,1.44696,-0.02115,-0.74750,-0.18291,-0.00169,-0.80614,1
-0.22342,0.72412,-1.25494,1.08098,-0.63271,0.24768,1.48233,-1.01859,0
-0.03195,0.44319,0.92587,-0.81226,1.44847,-1.93920,0.23424,-1.07563,0
-0.16505,0.79067,-0.26145,1.01770,0.19664,0.64460,0.52037,-2.12220,0
1.62756,-1.52567,0.22078,0.32677,-1.66088,-0.25002,-0.57169,-0.87243,1
0.30666,0.23021,0.08185,0.20953,-1.35777,0.41442,-1.18518,-0.42242,0
-0.55277,-1.39006,0.57413,1.58207,-0.32319,0.69458,-0.78040,0.55345,1
1.65205,0.75683,-1.06280,0.10359,-0.36041,-0.27377,1.90393,-0.55681,1
-0.77324,0.68074,-0.85451,-1.09139,-2.06970,-1.31561,-0.64418,-0.67447,0
0.45486,0.17793,1.48713,0.52756,-0.29690,0.10857,2.22123,0.20714,1
0.82093,1.42146,-0.51321,0.81629,0.47884,-0.31401,1.48599,-0.85195,0
-0.26319,-0.31451,-1.32296,1.09404,-0.21569,-1.23675,-0.62393,-0.77203,1
1.40402,0.63626,1.21481,0.21039,0.45722,-0.91551,0.68672,-0.35969,1
0.49467,-0.13265,-1.06789,1.53599,-0.38403,2.15859,0.17152,0.11455,1
0.61607,0.71410,0.70102,0.06444,0.55058,-0.71360,-1.17869,1.79218,0
0.59715,0.10219,-1.47719,1.31542,0.02283,-1.29346,-0.32162,0.79657,1
0.26123,1.19475,-3.37158,1.14482,-0.53017,0.38390,-0.31172,0.57408,1
0.74417,1.10890,0.20942,0.76363,0.51147,-0.63448,-0.02451,1.18903,1
-2.06440,1.50934,-0.12505,1.00747,-0.17328,-1.43217,-1.55371,-0.64410,0
-1.40870,0.81000,-1.51121,-1.84909,0.86501,-0.23696,-1.01885,-0.71309,0
-0.21909,-0.11283,-0.43453,-2.60634,-0.92517,-1.42949,-0.26280,0.31772,0
-0.10283,-0.30766,-0.23569,-1.97224,0.73527,0.68441,0.63468,0.19408,0
-0.93139,-0.37821,-0.30548,-0.90072,1.48728,0.37998,1.61431,0.96689,0
0.25408,-0.29277,0.10947,-0.49642,-0.93391,-0.97785,0.30613,-1.26555,1
-0.17877,-1.42558,1.22060,-0.12524,-0.22068,0.25225,-0.40990,-1.35816,1
-0.46990,1.46759,0.29933,1.13282,2.50743,0.25788,-0.17734,1.28347,0
0.07472,-1.03231,-1.32674,-0.69931,0.26026,-0.34099,-0.38371,-1.17211,1
-0.48397,0.07281,-1.82764,-0.83783,2.15964,1.10229,1.29330,-2.05455,1
-0.13150,0.48010,-0.05395,0.86599,0.39622,0.57755,1.03270,-1.73315,0
0.34479,-1.17014,0.43891,1.31323,-0.08002,-1.59368,-1.37064,-0.04638,1
-0.62975,1.60469,-0.29216,1.84470,-0.01121,-1.10830,2.23031,-0.29662,0
1.49655,1.48107,-0.14811,0.69674,0.98761,1.39025,-0.26139,-1.07621,1
1.16783,0.59496,-1.85975,1.07160,-1.37459,-0.35249,-0.58703,-0.27560,1
-0.02863,-0.92943,1.03113,0.56336,0.64615,1.27914,1.26675,0.20979,1
0.20049,-0.56088,0.41439,-0.29137,-1.73345,0.45765,-1.02430,1.48825,1
1.85842,0.76129,-1.03349,0.09625,-1.01172,-0.74736,-0.89625,-0.11827,1
0.10494,-0.07235,0.31170,-1.01591,1.12791,1.05752,-0.61251,0.43014,1
-0.64375,-0.83304,-0.05361,0.94643,-0.24187,0.28284,0.29098,-1.33503,0
-2.84494,-1.42941,-0.60770,-0.80674,-0.95324,-1.81535,0.22166,1.04458,0
1.36459,0.56140,-0.76446,0.52301,-1.85173,0.88165,0.87253,-0.86589,1
0.28895,0.31071,0.13929,1.80201,0.14247,-1.20543,-1.18832,1.12263,0
-1.59632,0.19532,-1.55999,0.57110,-0.12862,1.00491,-1.48421,-1.49622,0
-0.29727,-0.56235,1.20365,-0.11539,0.04195,-0.30780,1.33714,-2.21338,1
-0.19287,-1.37890,-1.64728,1.88359,1.27911,0.98734,-0.83786,0.49915,1
0.47986,0.03398,0.66929,1.13774,0.74506,1.28962,1.10219,-0.25818,1
0.60068,-1.16081,-1.60666,1.08039,-0.89332,0.30959,-0.69887,0.03705,1
1.31909,1.25262,-0.13787,0.51810,-0.22966,0.50546,-0.98599,0.92330,1
0.40526,-0.74997,1.17835,-0.38213,-1.30219,-0.02173,0.25900,0.78059,1
-0.14055,1.11182,0.41630,-0.72152,-0.17901,1.45846,-1.80353,1.26422,0
-0.67405,0.86063,-0.45819,0.87739,0.69936,-1.83853,-1.75976,-0.42906,0
-1.14253,-1.05178,0.79610,-0.55232,-0.69076,-0.53491,-1.11442,-0.55876,1
-0.89311,1.67802,1.34922,0.07591,1.19931,0.67808,-0.17594,-0.02828,0
-0.14896,1.69653,1.00658,-0.38896,-0.99995,-0.91567,0.12961,0.53537,0
0.33432,-0.87115,0.22555,0.80832,-2.04400,-1.06655,-1.08335,-0.51978,1
-0.21819,-0.76799,0.00661,-2.79684,0.11537,-0.85990,1.66748,-1.61315,0
-1.33165,-0.92489,1.19829,-1.43620,0.11891,1.07368,0.22924,-1.40246,1
-0.07467,-0.12957,-0.36825,-0.79966,0.65621,0.20886,0.97195,0.86945,0
-0.80148,-0.60294,1.77219,-2.19781,1.29034,1.59689,0.01957,0.58888,1
3.06770,-0.83519,1.14368,0.61589,-0.49791,1.04915,0.77172,-0.51662,1
1.27982,-0.45170,-0.01212,0.31676,1.81177,1.38646,0.97590,-0.24372,1
1.12922,-1.73048,-0.83030,1.06868,0.81507,1.54850,1.57212,-0.14834,1
-1.10147,-1.47284,0.51953,0.51987,2.32015,-0.19966,0.96139,2.31655,0
0.88613,2.36530,1.28370,-0.67042,-1.22078,0.18980,0.97791,-0.31064,1
1.27528,0.40322,-0.10877,-0.09124,-0.23365,-0.09148,-0.13267,0.52600,1
-1.29807,-0.52691,-1.05595,-1.79409,-0.09095,-2.70660,-1.44373,-0.65417,0
-1.67924,-0.05514,0.95970,-0.20142,-1.21440,0.93172,0.57471,-1.27568,0
0.76286,-0.00903,0.04551,-0.36334,-0.58337,-0.85330,-0.01132,-0.65135,1
-0.46948,0.48606,-0.30435,-1.37219,-0.96632,0.89489,1.61164,-0.07068,0
-0.39357,-0.40282,0.29144,0.01895,2.44380,-0.14496,-0.12293,0.55856,1
1.11410,-0.40909,-0.74107,0.04456,0.19923,-0.05271,1.85695,0.62919,1
1.32365,1.16891,-1.52043,-0.66397,-0.18002,0.08121,0.24352,-0.87860,1
0.49454,-0.97600,0.62504,1.36634,0.27329,0.30763,2.27116,0.13689,1
-0.66306,-0.90062,-0.50478,0.40163,-0.65379,0.94237,-0.59147,-1.13572,0
-0.57282,0.40127,-0.24114,0.51905,0.51446,2.00059,1.87967,0.41274,0
0.95747,0.24402,-0.64455,0.94119,-1.51874,3.13171,-0.50645,-0.52880,1
-0.22868,-0.47556,-2.11511,1.60506,-0.88804,-1.09329,-0.68863,0.39642,1
1.24892,0.28325,1.84296,1.27840,-0.08164,-1.00352,0.95425,0.09394,1
0.37787,0.62590,0.21881,-0.30936,-0.92029,1.46450,0.61967,0.66842,0
-0.62708,0.68965,-0.94540,-0.72442,1.52866,2.01337,0.85889,-1.87786,0
0.58273,-1.04536,0.70656,1.45005,-0.11161,-1.77648,-0.29218,-1.07403,1
-0.08832,-0.45265,1.50965,-2.28068,-0.68142,-0.41990,-0.69978,-0.12716,1
0.37824,1.84704,-0.02020,-1.92163,-0.16132,-0.42480,0.95144,-0.25675,0
1.25811,-1.42870,-2.30188,0.54818,1.21059,-0.64294,0.50393,-0.26325,1
2.05074,1.00003,0.29182,0.18567,1.59736,0.18358,0.22191,0.10968,1
0.50204,2.40965,-0.26830,0.78413,-0.92668,0.32944,-1.66500,1.57438,0
0.98758,0.10349,-1.21199,2.18908,1.87325,-1.10882,-0.69666,-0.65451,1
-0.57609,-0.36351,0.23657,-1.19888,0.98921,-0.08106,-0.02911,1.40443,0
1.22548,0.07862,-0.40963,0.41739,-0.28678,1.08833,-1.28835,-0.45554,1
-0.44021,-0.24419,0.03670,-0.44048,-1.27331,-0.01773,0.91258,-2.19587,0
0.12910,0.18156,1.00121,-0.57698,0.01606,0.61290,-0.43103,-0.27947,1
-0.31513,-1.33580,0.58382,0.41712,0.07234,-0.86977,0.36600,0.21024,1
-0.54767,-1.45599,0.45141,-0.00223,0.70530,-1.19169,-2.50856,0.33600,1
-0.19995,-1.21543,-0.52402,-0.40196,-0.81003,0.67392,-1.73542,-1.95007,1
-2.23845,0.34143,-3.18452,0.20176,0.32081,-0.13196,0.08782,0.78076,1
-0.50539,-0.00807,1.91354,-0.35952,-0.28289,0.74714,0.29868,-0.04392,1
0.20693,-0.64374,0.05240,1.00158,0.23055,-1.16161,-0.94724,-1.55947,1
0.26984,1.04954,-0.62421,1.46688,-0.51244,-1.58673,-0.63157,0.27821,0
0.09590,-0.03625,-1.43057,0.41462,-0.58744,-1.34967,0.20990,0.16054,1
0.88848,-0.32919,2.42839,1.06463,0.79973,-1.55518,-2.16065,-0.00594,1
0.84483,1.24919,-0.95094,1.73144,-1.28673,-0.75878,-0.74710,0.69829,1
-0.41038,1.23462,-0.73332,1.57381,0.12126,-0.56816,-0.03833,0.79589,0
-0.57593,-0.80803,0.97610,1.22585,1.34191,-1.27305,0.36684,0.63377,1
-1.55870,0.45336,0.64288,1.87435,-1.11513,-0.06701,2.58592,-0.87947,0
-0.52000,-0.49430,-1.49805,0.86111,2.42950,0.64636,0.92369,-1.38879,1
-0.25395,-0.78752,-1.22606,-1.66561,0.66361,-1.03683,0.67666,0.56439,1
0.31843,-1.08946,1.42862,0.78616,1.61932,1.33520,0.43421,1.44058,1
0.31376,-0.26940,-0.66726,0.10539,0.11179,-1.72252,0.25873,1.28684,1
-0.52912,2.34191,-0.78266,0.45308,1.23353,1.22069,0.57442,0.21014,0
0.58768,-1.28705,-0.33956,-0.95456,0.56014,1.62686,-0.48322,0.07863,1
1.88794,-0.08528,0.31526,0.23702,0.33473,-1.65305,0.88391,0.61237,1
-1.86584,1.94944,-0.10218,-1.35634,-0.11248,0.76612,-0.66724,0.61696,0
-0.16395,0.87052,-0.06079,0.49194,0.81801,0.28481,0.68329,0.03507,0
0.35221,1.46219,-0.47138,0.48084,-2.25428,-0.07513,0.79688,0.45730,0
-0.82929,0.10143,-0.18301,0.69517,0.58098,-0.77645,2.23038,-1.01680,0
0.96927,-0.32473,0.93355,1.66128,1.04866,0.23107,0.34601,-0.32237,1
-0.32813,1.08185,-0.20077,0.44475,1.47077,0.51355,-1.00031,-0.97978,0
-1.30944,-0.99104,-0.81194,0.47564,-0.90941,-0.51339,-1.83313,-0.98340,0
-0.21971,0.09345,1.19058,-0.11211,1.55057,-1.90866,1.04737,-0.30944,1
1.04801,1.24401,0.57196,-0.84570,0.27947,0.90667,-0.67662,0.64748,0
0.96834,0.16342,-1.05008,-0.67105,-0.18973,0.90877,-0.15041,-0.84070,1
1.22617,0.70035,1.11606,-1.34693,-1.24349,0.58097,0.19798,-2.42341,1
0.21684,-0.80546,0.96213,0.77166,0.46699,-1.15650,0.90849,-2.07564,1
-0.99179,-1.77241,-2.75791,-0.95532,0.18842,-0.42982,1.08958,-1.97775,1
-0.73831,-0.93016,0.27827,-0.70288,0.50336,0.07517,0.61498,-2.48635,0
0.00722,-0.88824,-0.03401,-0.86858,0.80053,-0.69806,0.94615,0.30317,0
-0.21860,0.12459,-0.81818,-1.41110,-1.39453,0.90644,-0.87201,0.22957,1
-0.50581,0.23719,0.46658,0.29881,1.39008,-1.31381,-1.56772,1.19561,0
-0.96399,-0.51241,2.44505,0.90750,-2.76102,0.77786,0.29287,-2.10376,1
1.02941,1.05855,-1.01681,0.36425,0.66564,-0.94999,-0.37182,0.77218,1
0.67161,-0.21073,-1.30038,-0.93286,0.37856,-0.80507,1.39117,-0.13558,1
-1.41562,-3.26173,0.03042,0.63184,-0.25558,-0.29818,-0.78785,-0.68494,1
-1.04868,0.99465,-0.44686,0.27951,0.38147,2.31696,-0.24737,-0.04654,0
1.18267,1.11910,1.25729,-0.09104,-1.51808,-0.65397,-2.61120,-1.65063,1
2.11047,0.87559,-0.53705,-0.67132,-0.97191,-0.94213,0.33024,0.81799,1
-0.16659,1.22979,-2.51789,0.95558,1.86497,0.64832,-0.74867,-0.45649,1
-1.31767,-0.95999,-1.81053,0.23516,-0.44485,0.38294,0.60993,0.21347,1
-0.89139,-0.94483,0.16074,-1.04367,0.43144,0.60971,-0.05968,0.11719,0
-0.24990,0.61097,-0.44586,-0.13061,2.27917,-0.95272,-0.25501,0.58900,0
-0.48069,0.27487,0.16646,0.42892,0.66215,1.95735,0.83340,0.77802,0
1.04358,0.26164,1.83377,-0.64203,-0.12954,0.67431,0.02594,-0.57901,1
-0.47591,-0.06509,-1.14027,-0.68481,-0.31541,-0.75009,0.83465,-0.58467,1
0.63188,-1.54172,0.09752,1.60517,-0.64946,1.69474,1.70770,0.39714,1
-0.16490,0.73280,-2.13541,0.18280,1.00633,0.36627,-0.26445,0.39279,1
-0.42130,-0.43939,0.47774,-0.14958,-0.31892,-1.51848,1.28675,-1.08960,0
-0.77524,0.16847,-0.10654,-1.37432,-0.53644,-0.24506,1.19289,-0.79711,0
-0.95503,0.20353,-0.54337,-0.94142,0.48485,-0.16087,-0.03708,1.09151,0
0.05243,-0.44836,-1.55937,-1.24196,-0.47116,-0.49232,-1.30548,-0.41564,1
-0.36366,-1.64703,-0.62613,-1.57241,-1.64185,1.07407,0.56654,-2.08584,1
-1.17647,-0.13699,-0.50351,-0.05181,-0.05366,0.37822,-1.59629,-0.10082,0
0.28901,-1.31631,0.17579,1.15186,-0.54741,0.27780,-0.07875,2.70923,1
0.98281,-0.29595,-1.86101,0.47303,-0.27676,1.76216,1.79534,1.46556,1
0.39913,-1.25169,1.05437,-0.01451,1.36790,-0.30281,-1.62154,-1.80172,1
-1.11177,0.95741,-1.47837,-0.03423,-0.71313,1.35349,0.05763,-0.97072,0
0.13197,1.27625,0.35214,0.26200,-1.54791,0.98582,0.16485,0.95731,0
-0.27567,-0.57566,1.41162,-1.14690,-0.80115,0.20396,-2.28119,-0.10512,1
1.32952,-1.13467,-1.54947,-0.42601,1.22578,-0.55305,-1.67361,0.91974,1
-0.17728,0.18243,2.73806,-0.27717,-1.78342,0.87620,1.36609,0.11621,1
0.59928,0.40962,0.60113,1.83330,-1.64735,-0.19167,0.48575,1.13852,0
-1.62973,0.10486,-0.29455,-0.97452,1.38725,0.72721,1.24839,1.07242,0
0.30242,-1.04365,-1.58021,0.20577,0.00308,-0.98266,0.02763,-0.52286,1
0.38073,2.27156,0.14590,0.59472,0.57623,1.78317,-0.35796,-1.03942,0
-0.40571,-1.04233,0.84017,0.09316,-1.49488,0.56097,-1.59323,-0.85413,1
0.53804,-1.64010,0.77162,-1.05779,-2.11093,0.52480,0.70211,-0.39430,1
0.32565,-1.20113,0.67010,1.92942,-1.09690,-1.06291,-0.53050,1.38349,1
-0.84842,-0.07199,-0.53221,-0.69882,-0.69413,0.62977,-0.43986,1.98501,0
-0.60019,1.59153,0.97481,-0.95588,1.08664,0.79336,-0.28867,-0.23248,0
0.83916,0.06243,0.66646,0.57986,1.32354,-0.43485,-0.90321,1.35423,1
-0.66626,1.34980,-0.11790,-0.69633,0.74173,0.67531,1.48250,-1.01526,0
2.14405,-0.22504,-0.20639,0.04403,0.47157,-0.40573,-0.27622,-0.38939,1
1.44301,-1.48264,-0.99401,-0.24341,-0.15590,-1.27411,-0.77123,-0.53838,1
0.73186,0.42174,0.98129,-0.59606,-1.16548,0.75355,-0.60045,-1.26760,1
-0.69198,0.01578,-1.96162,-0.43128,1.09110,-0.51293,0.69951,1.40054,1
0.32557,0.02683,-0.00773,2.20461,0.30707,0.60259,0.96300,-0.39650,0
0.88656,-1.97399,0.43462,0.61151,0.16022,-0.65237,-0.17588,1.37326,1
0.60559,0.44852,-0.12689,-1.15049,-0.77043,-0.32904,0.41584,1.17377,1
-2.26948,-0.92996,0.14659,1.86316,-1.39369,-0.44306,1.29052,0.59850,0
-2.08340,-2.03034,-0.73841,-1.59916,-0.10671,1.11543,-0.08836,0.20816,0
-1.28141,-0.81962,0.64267,0.52316,0.99758,0.52902,1.28365,-1.59696,0
1.19649,-2.52677,0.58162,2.16844,-0.39431,0.44565,-0.15077,-1.09038,1
-0.15262,0.39594,0.13311,0.55702,-0.20820,-1.63924,1.41159,-0.06788,0
-1.25119,-0.85358,-0.81638,-0.32804,0.06329,-0.71754,-1.90972,-0.62056,0
1.63088,0.12425,1.15172,-1.15906,0.09250,-0.18306,2.34314,1.63303,1
-1.70436,-0.47796,1.20207,-1.12036,-2.30420,-0.15545,0.68474,0.04787,0
-0.28528,1.29267,0.28359,-0.71664,-0.42042,-0.42537,0.85729,0.35299,0
-1.63040,0.51707,-1.28103,-0.43477,1.39453,-1.67242,-0.73717,-0.46237,0
-1.22426,1.17849,-0.56157,0.01809,-0.18863,0.86142,0.40550,1.13021,0
-1.06674,-0.33238,0.90038,0.56988,0.64520,0.18159,-0.77252,0.22368,0
-0.20553,0.40930,-0.72699,-0.93730,-0.26658,0.95944,1.24915,-0.81105,0
0.55859,0.38817,-1.84523,-0.58343,0.84043,0.90606,-0.98538,-0.13622,1
-1.01175,-1.33333,-0.56474,0.65291,-0.90459,-0.24880,-1.57840,-0.28481,0
-2.12770,-0.01698,2.04912,-0.08404,-0.51835,1.11326,-0.71562,1.26328,1
0.06677,-0.30475,1.26273,-0.78365,0.42546,-0.68473,-0.88384,1.59826,1
-0.14838,-0.35406,2.06830,0.67632,2.04651,1.22996,0.89534,-0.81259,1
1.33561,-0.61899,0.92332,0.18901,1.29358,0.98030,-1.04657,0.96135,1
-0.41960,0.63356,0.27989,-0.20659,-0.11235,0.58730,0.87761,1.04632,0
-1.06052,0.19939,0.93212,2.68256,-0.29039,-0.10000,1.52815,-0.51388,0
-0.40798,1.54590,0.84094,0.74657,0.07223,-1.14812,0.05589,-0.09330,0
-1.74852,-0.17260,-0.13657,0.55228,-0.27689,0.74943,-0.44320,1.46936,0
2.38974,-0.80954,1.23147,0.84645,1.00087,-0.18002,0.15108,0.40842,1
0.22637,1.49921,2.30854,-0.51866,-1.20651,-0.93541,1.47937,0.49636,1
0.12181,-1.44442,-0.26757,-0.30053,1.72444,0.06140,1.12996,-0.41216,1
0.77665,-0.19330,0.76487,0.98626,-1.39123,1.33396,1.88546,1.67407,1
0.20550,1.01605,0.31360,-0.27420,-0.80568,-0.64891,0.24495,0.02758,0
1.10928,-0.59963,0.86600,-1.62071,-0.38842,-0.25344,0.83425,1.77751,1
-1.15312,-0.93672,-0.38542,-3.35135,1.03373,-0.04930,1.85976,-0.96842,0
-0.15152,-1.56937,-2.37559,-0.73091,1.25346,-1.25557,2.26383,0.79666,1
-0.40003,-0.51315,1.19950,-0.56971,-0.28558,1.71449,1.04121,0.10901,1
-0.05188,1.61830,1.00300,1.17351,-1.45443,0.66988,0.94582,0.43951,0
0.58385,-1.39603,-0.03566,-2.63224,0.78638,-0.48957,0.20080,1.01284,1
1.00139,-0.09450,0.75256,-0.81532,0.94965,0.72831,-0.03623,-1.08615,1
-0.50852,0.07493,-0.02724,-0.77428,-0.02370,0.63391,-0.92439,-1.01250,0
-0.98736,0.04658,0.80309,1.27788,0.34267,-0.45762,-1.19952,0.54606,0
0.20041,-0.26889,1.61543,-0.78258,0.61649,-1.10384,0.37235,0.53641,1
-1.16922,2.41283,1.24939,-1.59760,0.22553,0.61463,1.05422,-0.45414,0
-0.76132,-0.72156,-0.61622,-0.21573,-0.46408,0.30207,-0.92075,-0.23782,0
0.22049,0.76324,0.88775,1.23207,0.00013,-0.21647,-0.07076,-1.04578,1
-0.85429,-1.66635,-1.04472,0.04902,1.59661,0.88076,0.10090,-0.77112,1
1.06403,0.52851,-0.19253,0.91909,-1.12180,0.19415,0.76627,-1.64120,1
-0.28084,-0.22842,-1.61931,0.05581,-0.25295,-0.77413,-0.77411,1.25032,1
-1.04074,1.17819,-0.19063,0.55886,-0.51925,1.01360,-0.63036,0.90471,0
1.14761,-0.98043,0.70132,-0.66998,1.11382,0.73677,-0.56822,0.13215,1
0.27893,-1.29722,1.86327,-0.06871,0.82506,1.30651,-1.04711,-1.22904,1
-1.17531,0.75339,-0.19260,1.01343,0.95870,-0.02896,1.56260,0.37506,0
-0.78836,0.86047,-0.40658,0.59052,-0.57320,0.95444,0.00100,-0.04947,0
-0.44255,1.96001,-0.02055,1.62058,-2.91748,0.13067,-0.16634,0.42888,0
0.94914,-1.02993,2.38543,1.08883,0.36128,0.04685,0.30893,-0.88461,1
-0.27055,-0.32194,-0.52723,0.81915,-0.31844,0.48252,1.07683,0.78118,0
1.38761,-0.13642,0.49500,-0.62856,-0.99036,0.31077,0.30674,-0.22474,1
0.65844,-0.60799,-1.33676,-1.19588,-0.00310,0.54215,1.19421,0.46922,1
-0.53816,-0.78124,-1.89449,-0.19448,1.57639,-0.15763,0.71053,0.55721,1
0.78395,1.13594,1.33289,0.02799,-1.98583,1.08110,0.32284,0.28945,1
0.34088,-0.38587,-1.37142,-0.47096,1.33560,0.09198,0.25445,-0.02589,1
1.09096,-0.75318,0.41145,-0.32358,1.09014,-0.85301,1.95036,0.69562,1
1.45544,0.75790,-1.20949,0.43881,0.73506,0.90880,0.14700,1.43166,1
-0.51756,-0.01677,0.98529,-0.48349,-1.27784,2.32126,0.72590,-1.34622,0
0.73109,0.09483,-0.17070,-0.26005,0.24453,0.99092,-0.13795,0.31402,1
0.72542,0.73435,-0.71223,-0.88448,-0.28990,-0.94805,-1.62139,0.37274,0
1.11295,0.29236,-0.90308,-2.84378,0.08240,0.10785,-1.55110,1.48039,1
0.87037,0.26002,1.36733,-0.49542,0.60241,-0.01982,0.16050,2.68136,1
0.83309,-1.37349,-0.34152,0.95602,-1.47601,-1.01110,-0.91449,-0.25990,1
1.10530,0.76706,0.25515,0.44863,1.28866,-1.38775,0.07848,0.41914,1
-0.22858,-0.56905,1.23839,0.01552,1.21802,1.18178,-0.67107,-0.03237,1
-0.33811,-0.16034,-0.48455,-1.25975,-2.20575,-1.54306,-0.30438,0.74318,0
-1.15567,-0.12497,0.32457,-0.33216,-1.50885,-0.56925,0.35122,-0.02023,0
1.43421,2.07278,1.76474,-0.14251,1.97285,-1.03700,0.39862,0.56542,1
-0.13117,-0.20920,-0.07889,0.78205,0.24565,0.40056,1.10691,-1.66108,0
0.01296,-0.10057,-1.77068,-0.24147,-0.31185,-0.97202,-0.14162,-0.88842,1
-0.61824,0.67599,-0.92414,-1.38032,0.70464,0.87209,-0.10592,-0.99998,0
-2.03194,-0.80995,0.97328,-0.09592,1.41599,-0.68210,-1.05917,-1.95066,0
-2.38442,-2.79308,-1.87336,1.42820,0.70022,-0.14991,-0.04253,1.03889,1
0.91243,-0.92042,-0.46308,-1.04135,-0.42365,1.09589,-0.08741,-0.44615,1
-1.04937,-1.62769,1.45603,-0.89173,-0.54373,1.06789,1.56562,-0.43198,1
1.09238,2.57339,1.69720,-0.46875,1.12580,-0.73167,-0.15529,0.34577,1
-0.78338,-1.42732,-0.52246,1.01628,0.70550,0.47046,-0.21347,0.38223,0
-0.09555,-0.24012,-0.96865,-0.92735,-0.68026,0.76476,0.62518,0.96664,1
-2.93987,0.02301,-0.61497,-2.98018,-0.73673,0.48760,-0.14868,-0.28520,0
-0.15131,0.32915,-0.52249,-0.50655,-0.90851,1.28191,0.45740,-1.20156,0
-1.33815,0.65991,0.17669,-1.35265,-1.68017,-1.85073,1.14192,1.17760,0
0.88255,-0.61378,-0.83367,-0.74401,-2.51626,0.95308,0.92364,-0.58335,1
-0.93016,0.77628,-0.51226,0.33354,-1.37701,1.74776,-0.53314,-2.61734,0
0.70509,1.29316,-0.51590,1.92365,1.53426,0.62391,-0.06097,0.97947,0
0.13031,0.78303,-0.33574,-0.15494,0.03181,1.04071,-0.37177,-0.88606,0
1.28160,-0.74244,1.71046,-0.17641,-0.63805,-0.80282,0.32698,-0.03991,1
-0.68011,1.03165,0.20580,0.23471,0.78458,1.21501,1.08530,-0.01306,0
0.17019,1.59433,-1.41412,1.08912,1.01030,-0.61136,-1.60997,0.34302,0
-0.30738,0.57580,-2.01964,0.99781,1.65509,-0.91166,-0.99347,1.75271,1
0.75189,0.15966,1.05897,-0.32140,-0.59300,1.59545,-0.36271,0.57523,1
-0.59481,-1.95086,0.90028,1.00915,-0.87253,2.24719,1.76870,-0.60359,1
-0.15928,0.64040,0.40819,-0.78156,0.21807,0.30790,-2.39619,0.01540,0
0.18210,-0.94108,-0.24252,0.79887,-0.76595,-1.79411,-1.55772,-0.16774,1
1.31331,1.54335,-1.50870,-0.69348,-0.17246,0.54979,-0.56024,0.42004,1
-1.16186,-1.41692,-0.95609,0.20003,0.18939,-0.65530,-0.80358,0.57457,1
-0.65111,-0.75708,0.92342,-0.44926,-1.75655,0.46574,1.36101,-0.18283,1
0.54180,0.26713,1.73198,-1.79986,-0.47070,0.73323,0.24232,0.87925,1
-0.05419,0.45031,0.42364,0.74768,0.60135,0.28569,0.56051,1.06718,0
-0.30159,-0.85566,1.24837,-0.85186,0.51374,2.23487,0.49306,0.57342,1
2.27902,-0.47561,0.22229,1.07020,0.73799,0.31449,-2.17652,-0.43350,1
0.43111,0.30525,-0.36770,0.40562,-0.50840,2.09567,0.30232,-0.54975,0
-0.79310,0.46817,0.65119,0.44329,0.87027,-2.55959,0.17111,1.16019,0
1.24172,0.24653,-0.64513,-0.60196,1.43149,-0.35197,-0.41046,-2.61702,1
-1.31876,-0.59027,-0.32848,0.18540,0.32989,0.77439,0.30267,-0.06895,0
-0.03536,1.19079,0.55417,-1.69217,-0.08043,0.38331,0.55146,-1.58340,0
-0.17714,0.53224,-0.70418,-0.43620,-0.54301,0.79974,-1.01456,-0.91149,0
-1.22159,2.12673,0.67568,0.06540,0.35628,2.46854,0.23806,1.75462,0
-0.72679,-1.16477,-0.33042,0.27322,0.61572,-0.07939,1.16976,1.18060,0
1.94194,-0.35077,-1.15917,0.37644,-0.39380,0.29807,-0.77091,0.65723,1
0.99871,0.79171,0.85961,0.63899,-0.03476,-1.77923,-0.73071,0.29612,1
0.88489,-1.72032,1.83593,0.10339,1.15855,-0.75902,1.34517,-0.84559,1
2.07525,-0.52427,1.48262,-0.13335,0.65361,1.06083,0.71337,0.25733,1
-0.52035,0.75336,0.66654,-0.87482,-0.10485,-1.26423,0.17493,-0.47834,0
-1.00084,-1.19063,0.93353,-0.73710,0.35081,-2.28725,0.64021,-0.57148,0
1.30182,-0.73048,1.21904,-0.15124,-0.71677,0.87683,0.75416,-0.54747,1
0.38622,-1.09459,-0.69142,0.06186,1.42480,-2.08159,-1.60631,-1.83786,1
-2.08673,0.82799,-0.64121,-0.90024,0.46585,0.55973,0.63528,1.68368,0
-0.75033,-0.29452,-0.62804,1.06831,-0.23695,-0.50307,0.22907,0.10470,0
0.83942,0.92303,-0.16820,-0.31753,-0.66085,-0.32765,2.26159,0.16941,1
-0.64013,1.23170,-0.22870,-2.56213,-0.34968,-0.20283,1.28661,1.49020,0
0.71314,1.35266,-0.52536,-0.77997,-0.12477,0.03300,0.24226,-0.13381,0
0.22074,0.46898,-0.56345,0.70566,-0.16195,-0.34567,-0.05561,1.36620,0
0.99067,0.69681,0.04038,-1.70549,0.32998,-0.92515,-0.13648,-0.10579,1
-0.19062,-0.29207,-0.54152,1.05658,0.19146,0.13351,0.47881,0.41967,1
-0.06699,-0.65933,0.51615,0.67823,-0.26633,1.24331,-0.96858,0.67921,1
-2.58516,0.36301,0.67531,-1.06670,-0.86361,-0.53013,-1.19779,0.71180,0
1.78789,-0.69083,0.51419,-0.77863,-2.81942,-0.66742,0.21328,-0.77880,1
-0.14672,0.75267,-1.08886,0.52468,-0.18641,0.07318,1.23751,0.16060,1
-1.00051,0.20553,0.02219,-0.00544,-0.73087,0.54231,1.83719,-2.18902,0
0.94529,1.67672,0.96838,0.53890,-0.86129,-0.38503,0.91271,-1.16325,0
0.24304,0.92446,0.08862,0.07737,-0.29728,-0.63443,1.94490,1.24168,0
0.92226,-0.19161,-0.06978,1.02745,0.81413,-1.00800,0.04642,-0.11286,1
-1.40003,0.10858,0.24818,-0.46775,-0.74635,1.83713,-0.26671,-0.03736,0
-0.44935,-0.88250,0.93211,0.74010,-0.75876,-0.14325,-0.64945,-0.59828,0
0.69980,-0.64612,-0.41226,0.24813,-0.23448,0.33904,0.78953,0.35652,1
1.60551,-0.00300,0.35448,1.23482,-1.54185,-1.07777,-0.26859,0.41299,1
0.82387,-1.00670,0.24712,-0.38245,-1.06059,-0.32787,0.01658,-0.98427,1
0.58492,-2.40399,0.11239,0.87292,0.21612,-0.54780,-1.42067,-0.49835,1
-0.45027,-1.64711,0.28020,0.69075,-0.60534,0.12038,0.83169,1.21830,0
-1.10903,0.95597,0.28968,0.12144,2.13679,-0.07657,-2.20841,0.79252,0
-0.23955,-0.05152,-1.02588,0.14128,1.45355,1.06404,-0.04544,-0.15531,0
1.11398,0.85978,1.59905,-0.20289,0.37767,0.15972,0.20380,-0.13161,1
0.55478,1.32619,-0.40488,1.01319,-0.60631,1.49376,0.52095,-0.83450,0
-1.88893,-0.31713,1.27426,-1.09836,0.18032,-0.33912,-0.03907,0.43726,0
-0.29827,0.77918,0.53552,-0.59435,1.62896,0.06902,-0.97112,1.50085,0
1.54048,0.61897,2.32097,-0.76925,1.01016,-1.26676,1.60962,0.66906,1
0.97692,-0.84914,-0.03776,0.07237,-0.08256,0.09298,0.89778,1.63590,1
1.42623,0.83850,-1.04178,-0.08930,-1.48126,0.45537,1.79519,0.73672,1
0.59445,0.21725,-0.48115,2.08727,1.30934,-0.37455,-0.30702,-0.55958,0
0.97313,-0.21137,-0.43726,2.15462,-0.28662,1.23411,-1.04316,-0.22761,1
-0.16545,1.07400,-0.36565,1.37603,-0.41689,-0.20744,1.03575,-1.04088,0
0.05816,-0.42724,0.06914,0.65194,0.31695,1.24262,0.86166,-0.51290,0
0.34525,-0.24214,-1.02933,-0.42201,0.53959,-1.92911,0.42222,1.24564,1
0.37885,-0.97364,1.35952,0.29928,1.38839,-0.50570,1.47447,-0.77118,1
1.19912,-1.46717,0.69270,0.76932,-0.57547,0.98450,-0.17747,-0.47682,1
0.11241,0.22724,2.08005,1.91450,1.25571,-0.69822,-0.28690,-1.39721,1
-1.23186,0.68367,0.19074,-2.11161,0.98594,0.73149,1.00523,0.38731,0
-1.64645,0.90713,0.60365,1.11539,0.27261,-0.85078,0.72724,0.58841,0
0.48539,-0.12405,-0.23712,-1.92198,-1.10897,-0.01224,-2.42857,-1.53019,1
-0.20970,0.78701,1.05714,0.39197,0.62749,1.42335,2.44944,0.36376,0
-0.50155,0.19651,-1.28308,-0.15938,0.91148,1.20508,0.94877,0.26465,1
1.23093,1.43346,0.65091,-0.56359,-0.41784,0.13886,-0.67893,0.73482,1
2.37328,-0.46159,2.31136,-0.92452,0.19273,0.04107,0.21815,0.52057,1
-0.90382,-0.20492,2.37378,-0.99441,0.77835,0.15513,0.92600,0.33273,1
-1.12289,-0.78063,1.04240,1.32640,1.02949,-0.03588,0.32442,0.68999,0
-0.88048,0.93325,-1.53091,1.53130,-0.30962,0.90620,0.71982,-1.44246,1
0.08604,-0.62597,0.34585,-1.29984,0.98240,1.08939,-0.25471,2.83557,1
-1.17818,-0.59254,0.04648,-0.18438,-0.62251,1.19472,0.15740,-0.67617,0
-0.42263,-2.59409,1.82325,-0.97016,0.15035,0.25969,-0.42575,-0.63924,1
-1.14584,-2.33629,0.89522,0.49224,-0.72137,0.17955,-0.33061,-0.46384,1
-0.22826,1.11544,0.27769,-1.08735,0.82917,-0.73329,0.63066,0.60531,0
-3.10815,0.26602,-0.72243,-0.16834,1.90342,0.49247,-0.00736,-2.03855,0
1.63690,-0.09109,1.03748,0.04262,-0.40793,-1.55257,0.45352,-0.97330,1
1.17586,1.49163,-1.02414,-1.25579,-1.18645,-0.74456,-0.10353,-0.86375,1
-2.03448,0.14450,-1.48865,-1.17984,-0.19722,-1.39768,0.18347,0.63178,0
0.51917,0.90258,1.15890,-0.10393,-0.53928,-1.11287,1.01578,-1.50000,1
0.93120,-0.82856,-0.02371,0.32279,-1.67658,0.75343,-0.66650,-0.95807,1
-0.46421,0.07383,0.84934,1.05810,0.32911,-0.44134,-0.17864,0.04406,0
-1.02332,-0.49821,-0.11230,-3.40779,-0.21457,-0.75356,1.27022,0.58129,0
-1.73181,0.33623,-2.22432,1.52909,-0.96641,-0.14348,1.05830,-0.66247,1
-0.41659,-1.09511,1.19801,1.93180,0.03009,-0.61324,0.12940,-0.19604,1
0.43158,0.22601,0.53839,0.30757,-0.60963,-1.59955,-0.91315,-0.05503,0
0.96829,-0.53781,0.54838,-0.81168,-0.49804,-0.11962,1.43825,-0.19007,1
0.52006,-0.20955,-0.24232,1.38181,0.83104,-2.27719,1.05412,0.07059,1
-1.14429,-0.13538,-0.31623,-0.19403,0.90045,-0.84854,0.15915,0.40852,0
-0.33840,-0.66140,1.09871,0.75495,0.97205,-0.00312,1.16806,1.67372,1
-0.43800,-0.47652,1.28633,0.45866,1.28940,0.62444,0.20906,0.15875,1
-0.19835,0.44508,-0.11492,-0.65974,1.48973,-0.30618,0.62635,-1.27767,0
-0.27286,-0.51945,-0.78479,0.06702,0.88678,0.07484,1.43803,0.17673,1
-0.35278,0.70907,-0.55538,-1.24850,0.55278,-1.20293,-0.50420,-1.45276,0
0.51663,-1.31727,0.76076,0.01841,-1.19116,-1.33295,-0.36523,0.61013,1
0.60003,2.39531,2.26490,-0.28866,0.07532,-1.33811,-0.74408,-1.31554,1
0.24362,-0.10637,1.06201,0.42141,-0.99023,-0.08800,-1.56297,0.21811,1
0.08911,-1.25876,0.49678,0.52855,1.82006,-0.65592,0.49679,0.06755,1
1.86024,1.23007,0.72679,0.45364,-0.47164,-0.62818,-1.46907,-0.71036,1
-0.01962,0.07596,-0.19392,1.83704,0.95258,-1.64358,-0.38100,0.82217,0
0.34825,0.46690,-0.81404,0.03826,2.85289,-0.20000,-0.47306,-0.33001,1
-0.29640,1.43621,-0.52836,0.91556,0.38298,-0.57927,-1.00770,-0.65224,0
0.73613,-1.02170,3.48184,0.92169,0.80446,1.14910,0.30793,0.98586,1
0.04839,1.39027,-1.90312,0.12795,-1.30064,-0.75373,1.01834,0.74480,1
-0.53450,-0.54629,-0.73572,0.09449,-0.24808,-1.37431,-0.39022,0.65347,0
0.06499,0.40688,-0.14879,0.55257,-1.28088,-1.02012,-0.66045,1.13516,0
0.98371,0.33891,0.66773,0.37162,2.72185,-0.20494,1.82917,0.18270,1
0.25264,-0.81356,-0.27067,0.70335,-1.13116,-0.34848,-0.08650,-0.59124,1
0.81653,0.79296,-0.11524,0.59836,0.71745,-0.13128,-1.40252,1.87097,0
-1.07501,1.02834,2.24688,0.73176,1.75845,-0.33500,0.17118,1.53799,1
-0.61722,-0.97865,0.01049,0.31959,0.19122,-0.62004,0.82091,-0.04292,0
-1.39630,-0.41790,0.29225,0.51819,1.28490,-0.87567,-1.15643,0.38536,0
-1.41585,-0.14658,-0.28828,1.00170,0.53338,0.77522,-0.85818,-1.65221,0
0.36542,0.41710,1.96405,-0.22982,-1.45807,-0.29072,1.06599,-0.30224,1
-0.77949,-0.26043,0.83657,-1.23421,-1.22215,0.62355,1.92533,-0.21579,0
1.26331,-0.98009,-0.60311,-1.59350,0.51917,-0.67176,0.59734,0.91468,1
-0.18065,0.95487,-1.18834,1.68709,-0.83795,-0.34178,-0.55260,0.07611,1
-0.88560,0.80177,0.24562,3.00877,0.57631,0.46875,1.22963,-0.68848,0
-0.70915,-0.32562,-2.52648,0.43732,-0.98987,1.43530,-1.44163,0.02762,1
-2.85853,-2.55345,0.77189,0.70273,-0.85519,0.66496,0.35907,2.02390,0
-0.74800,-0.16364,0.60235,0.04040,2.41813,1.17549,-0.19188,1.70406,0
-0.34478,-1.49154,0.81151,0.57411,-0.08661,0.63197,-1.57765,-0.64076,1
0.03646,0.67017,0.42087,0.64741,0.19195,-1.11385,-0.35550,-0.46659,0
0.44421,1.02212,-0.77861,-0.53913,-0.08035,1.38461,0.48860,-0.67048,0
0.15179,-1.16452,1.29150,1.21926,0.89492,-0.56012,-0.04693,-0.81025,1
1.70191,-0.21176,0.31062,0.55719,-0.52483,0.53878,0.60748,-0.42306,1
-0.28475,-0.56024,0.95996,0.90640,0.62762,0.79214,0.77946,0.46328,0
-0.16202,0.85365,0.59592,0.54790,1.07244,-0.50349,-1.67948,0.12001,0
0.65052,0.17706,0.87885,-0.26353,0.59394,-0.17967,-0.11113,-0.43806,1
1.45716,1.68197,-0.56370,-2.47083,-1.51490,0.39435,0.69674,-0.37819,1
-0.48393,0.29662,0.88435,-0.22486,-0.53874,0.42213,0.54939,0.30922,0
-1.08921,1.11592,-0.08026,-0.81547,0.18012,-0.81116,0.54154,0.93243,0
-0.37773,2.60710,-0.20618,0.70599,-0.56240,0.48729,-0.81482,0.31682,0
1.63006,-1.29424,-1.40099,-0.78720,0.13959,0.82079,0.27126,0.97752,1
-0.15137,-0.75621,0.22184,-1.11282,-0.40351,-0.19283,-1.26529,1.10049,1
0.54804,-1.61937,0.79760,-0.34000,-0.41121,0.07789,-0.34113,1.36449,1
-0.79638,-1.31055,-0.82575,0.14378,-2.23116,-1.16365,-1.25902,-2.26274,1
-0.31265,-0.45218,0.29659,-0.16618,-1.09002,-0.93528,0.88156,-0.99987,0
0.74951,0.20158,-0.58321,0.09814,-0.82264,1.08745,-1.65052,-0.18123,1
-0.87199,0.37629,-0.53482,-0.55064,0.41242,-0.77820,1.30097,-0.27258,0
-0.07435,-0.20930,-1.99248,-0.37789,-1.76789,0.65112,-2.51022,-1.05839,1
0.32394,1.66040,0.81256,-0.23549,-0.39743,0.53909,0.33106,-1.56102,0
1.64687,0.85687,0.58124,0.01304,-0.43745,0.78038,-0.25544,0.05257,1
0.69553,0.68479,0.48098,0.39696,-1.07172,-2.14839,2.42047,-0.12222,0
-1.30686,0.63986,-0.48608,0.54201,0.31154,-1.08147,-0.95714,-1.20710,0
0.76926,-1.06964,0.04273,0.80247,-0.06946,-0.24446,0.62618,0.12775,1
-1.72846,0.66183,-1.12922,1.17749,0.63830,-0.49622,0.93540,-1.16681,0
1.58966,-1.66749,0.22228,0.12384,-1.75382,1.72512,0.27765,-1.48012,1
-0.08824,0.45840,0.65046,0.76350,-1.54823,-0.17393,1.77524,0.57952,0
-0.16364,0.36377,-0.77540,-0.28981,0.00542,-0.34078,1.15624,-0.59839,0
1.05694,0.77800,1.20306,-1.32005,0.04501,0.62113,0.93975,-0.18803,1
-1.58492,1.55483,0.13441,0.41360,1.04407,-0.71741,1.78244,-0.97157,0
1.09045,-0.46571,-0.16269,-1.20053,-0.28331,0.98732,-0.92904,0.30439,1
0.04183,-1.29919,-0.95439,0.12091,-1.00262,-1.38689,1.55525,-2.07256,1
-0.15902,-0.94470,-0.03838,1.67313,0.06775,0.23035,0.76576,-0.00717,0
1.43889,0.65029,0.64682,-1.44266,0.87751,-0.85782,-0.64845,-0.46314,1
1.19518,0.61615,0.74498,0.28936,1.21221,-0.02584,0.78741,0.57759,1
0.49122,0.43639,0.47100,0.81824,-0.10600,-1.46407,-0.28944,0.15418,1
0.34969,0.10741,0.64833,-0.52230,-0.21932,0.46971,0.50492,0.27280,1
0.54494,-0.69833,-0.89388,-1.27327,2.02274,1.13873,-0.56330,0.35880,1
0.57158,-1.18158,0.17904,1.03013,-1.07097,1.15399,0.08769,-0.24156,1
-1.67480,1.60555,-0.75022,-1.29828,-0.80850,0.58284,-2.51489,1.17823,0
-2.56569,-0.25805,-0.60834,1.69073,0.97728,0.03843,0.60246,-0.50022,0
1.22497,0.20345,0.59016,0.16178,0.84341,0.17354,0.09967,1.82821,1
-0.02569,1.55410,-0.55675,-0.48176,0.50842,-0.64227,-0.24103,-2.65200,0
-0.60899,-0.57614,2.14020,0.19537,-0.09951,0.09558,-1.02305,0.28751,1
0.45893,0.85219,-0.72941,0.47359,-0.43061,0.85863,0.28884,-1.25740,1
0.81279,-1.62446,-0.02542,0.75539,-0.05364,-1.00792,-0.48196,-0.49888,1
0.86726,0.61030,-1.23325,0.86000,0.82744,0.17957,-2.05656,0.89170,1
0.39207,0.84924,-2.30367,-0.67122,0.14767,-0.85438,2.54325,-1.32022,1
0.57587,1.29850,1.80738,0.75205,0.58708,-0.58896,-0.27014,-2.16696,1
-1.02908,-0.27632,-0.13032,0.94997,0.54041,-1.00135,1.03418,0.36584,0
-1.89331,-2.06082,-0.41234,1.11086,0.23660,0.60682,-0.86918,0.01052,0
-0.78694,0.24151,0.51208,-1.53777,-1.81840,-2.19350,0.04500,0.97690,0
0.16527,0.16069,0.07757,-0.80096,0.94173,0.59187,1.32663,1.73622,0
0.17695,-1.01074,0.03994,0.01900,-0.88189,-1.39647,0.50282,-0.16758,1
0.08642,-0.86417,-0.56391,-0.09654,-0.70364,-0.62712,-2.43255,0.97110,1
0.03178,0.36662,0.10424,-0.70270,1.27202,0.57020,0.50901,-0.07497,0
0.16954,0.60971,-0.15890,-0.02159,-1.59187,0.46095,0.39996,0.72742,0
-1.68430,0.23992,-0.07306,-0.82478,-0.45211,-0.47822,-0.50120,0.74751,0
0.20350,0.63365,0.64507,-0.35311,-0.35797,-0.89124,0.43957,-1.11429,0
0.73245,0.89565,0.12694,-0.96033,0.42305,-0.18158,0.90715,-0.70354,0
0.43335,-1.19986,0.65931,0.34644,0.73432,-0.56278,0.64238,-0.32810,1
-0.70479,-0.88080,-0.49748,-0.46484,1.57770,0.04556,0.10468,0.47988,0
0.61180,-0.45939,-0.17657,1.33804,-0.44377,-0.41637,-1.26630,1.03123,1
0.48941,-1.33655,-1.11383,-0.45295,1.67982,-1.03001,2.42659,0.03649,1
-0.91863,-1.13830,0.88899,-1.48557,-0.28153,0.63341,-1.35921,0.10084,1
-1.18407,0.91424,-0.86128,0.54657,1.36954,0.60657,-0.09742,-0.03815,0
-0.86709,-0.08484,1.00024,0.70671,-1.04262,1.39792,-0.92772,-1.16549,0
0.04088,0.91425,0.35285,-2.19011,0.52374,-0.82849,0.02989,0.68521,0
1.50751,-0.17606,-0.12694,0.01448,0.76419,-1.49508,-0.77251,-2.09753,1
1.34445,0.02882,-0.40389,1.07939,-0.58495,-0.06399,0.87337,-0.44950,1
1.03909,1.02051,-0.22011,0.00457,0.51892,-0.57757,-1.33188,0.24194,0
-0.60157,-0.65190,-0.38399,-0.99070,-0.49772,-2.04340,0.97087,-0.10056,0
-0.72343,-0.70411,0.51994,-0.08070,0.10762,-1.64835,-1.12312,0.51734,0
0.09325,2.01990,-0.57306,0.58246,-1.41952,-1.62119,-0.58575,-0.85769,0
-0.85844,0.18741,-0.09955,-0.12715,1.22143,0.22210,-1.40655,0.85010,0
0.66124,-0.62164,0.74569,0.64463,-0.58560,-0.33632,0.87751,-1.51489,1
-0.30737,-1.34229,-1.50088,0.30873,2.70767,2.65056,2.22643,-0.13866,1
-1.68073,1.85428,-0.85559,1.69996,-0.18933,-0.09544,0.19472,0.24250,0
0.38597,-1.98359,0.76562,-0.19424,0.44859,-0.07476,-0.44921,0.82193,1
0.54023,0.52246,0.26259,-0.87851,0.08911,-1.14139,0.88530,-1.65542,0
-0.68072,-3.23893,-1.29357,-0.11355,-0.53728,-0.57299,1.53746,-0.09768,1
-0.79617,-0.62129,0.59917,-0.47566,-0.62408,0.60413,-0.05563,-0.96863,0
0.65328,0.26448,0.03431,0.90529,1.42384,0.82293,0.59863,-0.26057,1
-0.80587,1.60703,-0.34724,-0.26302,0.76878,0.88685,0.32917,0.69954,0
0.67174,0.02680,0.28941,1.21211,0.68486,0.65386,-1.37828,0.02587,1
0.50026,-1.53607,0.75591,-0.04767,0.30020,-0.53499,-1.90117,-0.86338,1
0.42356,-1.33175,0.61655,-0.54479,-0.66639,0.21140,1.04127,0.06894,1
0.86198,-1.45146,1.63550,0.18563,1.30427,0.87497,-0.13866,1.68842,1
-0.61900,0.59657,2.14279,-1.42216,0.05282,1.75441,2.06948,-1.49397,1
-0.35341,0.08328,-0.49586,-1.00488,0.91857,1.48455,-0.45244,0.73237,0
1.00351,1.17652,-0.35076,-0.69246,-0.31934,1.74525,-0.09723,-0.77166,1
-1.14351,0.62825,0.43374,-0.86170,0.57954,-0.66819,-0.46185,-0.19575,0
-1.61614,-0.66997,-1.34810,0.19281,1.23397,1.61819,1.11967,1.32098,0
-0.21060,0.96284,1.32836,-1.98681,-0.55335,0.04800,2.79355,0.43699,0
-2.22915,-0.76228,1.30659,0.74733,0.64762,0.67164,1.09266,-1.20277,0
-0.30034,-1.31923,-0.11051,-2.31942,0.79231,0.31817,1.22609,2.91442,1
0.29901,-0.89932,0.23812,1.21656,0.71475,0.27235,-2.16357,0.86385,1
-0.78586,-1.55035,0.29641,1.07512,-0.69467,-0.66606,-1.19701,0.63168,0
-1.41984,-1.18881,-0.87948,0.34623,1.37480,-0.69269,-0.95524,-0.34775,0
0.30334,0.81011,0.27029,-1.41788,-1.25207,-0.86698,-0.07726,0.47480,1
1.36549,-0.29420,0.37996,1.05219,-1.26794,-0.58335,0.55992,0.01050,1
-2.92886,-1.42617,-0.25786,-0.14227,-0.93351,0.99738,-0.33204,1.41345,0
-0.49462,-1.43663,-0.45679,0.37301,-1.29404,2.92773,-1.88254,0.27787,1
1.95429,0.41627,-0.66448,-2.13315,-0.13993,1.41808,-1.27457,0.63347,1
1.47141,0.85189,0.96244,-0.00958,0.57937,-0.97363,0.40603,-0.16923,1
-1.54898,0.15532,-2.34787,-0.29278,-0.74442,-0.16572,-0.89990,0.90022,1
0.02023,0.03665,-0.44191,0.58589,1.03220,-0.01590,-0.81076,-0.42835,1
0.35066,-1.70249,-0.08166,-0.07354,-0.23756,1.39871,-0.17635,-0.52181,1
-0.30364,-0.25384,-1.66114,2.04946,0.84253,-0.04690,-0.79336,-1.15650,1
-0.09554,-0.81086,-0.49380,1.14282,-0.36763,-0.05067,1.06418,-0.53397,0
0.06654,-0.37232,1.73761,-1.67490,-0.06918,-0.11232,-1.65034,0.30136,1
1.42557,1.08907,0.99506,0.02891,-1.51040,0.42308,-1.31329,-0.10214,1
0.93826,-0.66954,-0.69502,-1.34908,-0.80605,-1.21605,0.48152,0.81406,1
-2.93803,0.32897,-1.63252,1.18944,0.13850,0.58834,0.44942,0.27169,0
-0.00613,0.90087,0.59670,0.58097,1.72663,-1.27624,0.26190,-0.74623,0
-0.88247,0.03232,1.11134,-1.17444,-0.30679,-1.14170,-1.58460,0.13457,0
0.44369,1.89847,-0.94642,-0.64265,-0.83879,1.14351,-1.09655,-0.74274,0
-0.25630,0.27958,0.47172,-0.21846,-0.55882,0.77433,0.39507,-0.78908,0
1.68559,1.53304,-0.07774,-0.92455,1.42307,1.41312,0.14262,-0.63497,1
1.44507,-0.90688,1.31736,-0.43403,-0.29815,0.21740,0.41935,-2.60422,1
0.32742,-0.29466,-0.98118,-0.40729,-1.86057,-0.22187,-0.91732,1.08747,1
-0.32359,1.05006,-0.42491,-1.09459,2.36187,-0.71042,-1.71003,-1.64938,0
-0.29619,0.80033,-1.59036,1.49651,1.61453,3.94555,1.70414,0.84345,1
0.41709,2.03736,-0.37725,0.16612,0.86581,-2.22756,-0.81716,-0.06357,0
-0.60151,0.69140,1.71266,0.73411,-0.01540,0.59134,-0.92856,0.36398,1
-1.87260,1.01608,-0.97650,0.55575,0.04525,1.36295,-1.21806,-0.25295,0
0.83122,0.73877,-0.99278,0.65786,1.32783,-0.67797,1.00727,-1.34827,1
-0.49732,2.17121,0.01793,-1.15359,0.87333,0.48679,1.04746,-0.41127,0
-0.01933,-0.96903,0.34752,-0.05030,0.58587,-1.08777,0.87913,0.29693,1
-0.37588,0.65239,-0.23968,0.78183,-0.62289,-0.34028,-0.41232,-0.74350,0
0.42000,0.72039,-0.87515,2.45011,-0.08993,-1.78459,-1.29874,-1.18482,1
0.18023,-0.75105,-0.44824,0.61242,0.57489,-0.71011,-0.88212,1.14871,1
-0.31710,-1.86875,1.42851,-0.16755,0.05712,-0.86550,-0.45209,0.17331,1
-0.20422,1.24217,1.06261,-1.75856,-0.94434,-0.16021,-0.37727,1.06465,0
1.81433,-1.09013,-0.09240,-1.34004,-0.23679,0.92443,1.80196,0.71690,1
0.11736,-0.39168,0.00380,0.01660,0.59661,1.29211,-0.62724,-1.90528,1
0.50535,0.85663,-0.87824,-0.26045,0.97496,-0.44828,0.41023,1.06540,1
0.94595,-0.51670,2.03490,-0.05711,0.50151,-0.45625,1.44245,1.95566,1
0.34887,2.07095,-0.30685,-0.19753,-1.43004,1.53482,-0.66815,2.08666,0
-0.31118,1.53944,1.05838,-1.01872,-0.37068,0.69262,1.04236,1.03382,0
-0.23014,-1.12962,0.19139,-0.85212,-1.95983,-0.86753,0.43778,-0.32391,0
-0.88570,-0.19808,-0.02749,1.29771,-0.52422,1.09885,0.67590,-0.54502,0
-0.92128,-0.05545,-0.12087,-0.20673,-1.46229,-0.78961,-0.91672,-0.02846,0
-0.27471,-0.39379,0.49617,0.22634,-1.38608,0.09096,0.39870,1.08018,1
-0.29065,0.15276,0.89122,-0.94565,-0.84976,-1.10205,0.43954,0.91896,0
0.59174,0.02864,-1.51860,1.13548,1.16835,-0.20202,-0.64537,-0.19788,1
-0.71872,0.10800,0.01243,0.22543,0.21023,-0.90553,-1.13562,-0.17845,0
0.19851,-0.53780,-2.48567,-0.15302,0.02847,1.10939,0.45216,0.45488,1
-0.07129,0.06058,-0.66977,0.75813,0.93951,3.06077,-0.62733,3.19410,0
-0.72184,0.12580,-0.58368,0.63771,0.70005,-0.47654,-1.04836,-0.64983,0
0.52617,-2.89217,-1.50539,0.15634,1.33012,0.47284,-0.11337,0.48593,1
0.09239,0.20602,-1.27102,-1.08936,-0.93125,0.31164,-0.76360,0.22634,1
-0.62292,-0.83969,0.23764,-0.87236,0.37196,0.14074,0.65005,0.43893,0
-0.50775,0.79992,-0.07751,1.58636,-0.25820,-0.37028,-0.44297,1.42874,0
-1.29057,0.16076,2.35787,1.75911,0.10865,0.18064,1.18260,0.64245,1
1.19681,-0.16760,1.06454,-0.67877,-1.47513,0.12255,0.36553,-0.30562,1
1.04006,1.23023,-0.20867,0.00606,-1.29935,-0.56607,-1.13705,-0.16197,1
-0.65275,-0.42877,1.14640,-0.20777,0.95214,1.55319,-0.57838,0.65671,0
0.55793,-0.68317,-1.81652,1.77793,2.18559,-0.46180,1.43004,-2.37131,1
1.10916,0.27035,-1.33524,-1.14310,-0.15593,0.91838,0.88439,0.06230,1
1.11354,-0.31649,-0.65332,0.21769,1.06524,-0.13590,-0.15225,-0.31365,1
0.25198,-1.76155,1.78881,0.34379,0.50477,1.84331,1.20095,1.73235,1
-0.07664,-0.02617,0.44596,-1.49865,-0.94789,-0.28771,-0.99968,0.91238,1
-1.37131,0.47364,-0.78085,-0.45747,1.24445,-0.29643,0.99638,-0.49406,0
0.32899,-0.83049,-1.85699,-0.86936,-0.51408,0.08834,0.14893,0.68728,1
-0.66483,-0.02596,-0.44161,0.92420,0.33548,0.96360,-1.28169,0.84967,0
-0.29957,0.66255,-0.78247,0.44320,-0.20952,-0.74066,-1.17986,1.55963,0
0.18580,0.42971,-2.40217,-0.75958,0.51611,-0.67721,-0.74771,0.10354,1
-0.86516,-0.73611,-0.89134,0.25767,-0.70899,1.12875,-1.49615,0.40445,0
0.57466,-1.70074,-0.22168,-0.85177,-0.92945,1.21890,0.31069,-0.75993,1
-1.05675,0.51125,-0.54067,0.42919,1.01440,0.12038,-0.45575,-1.25986,0
0.29782,0.78759,-2.77083,-0.04224,0.33298,-2.63046,0.26312,-1.30770,1
0.50239,1.60584,-1.31340,-1.01290,-0.29968,-0.57367,-1.54660,0.06672,1
-1.15826,0.22198,-1.37484,1.03055,-0.16439,-1.54664,-0.78474,0.57347,1
-0.19232,1.21708,0.59067,-0.65152,1.31708,-0.96845,-0.61587,0.58793,0
1.38473,-0.43606,-0.67412,0.59805,-0.26271,0.05088,0.77230,-1.03453,1
-0.59013,0.05204,0.99783,-0.09706,-1.17834,-0.13368,-0.11307,-1.51683,1
0.50532,-2.25408,0.66016,-0.77909,-1.93901,0.89712,-0.36723,-1.06080,1
-0.20613,-0.63589,-1.09226,0.80564,-0.65847,0.42016,0.27701,-0.27056,1
-0.26451,-1.47064,-0.59977,-0.42374,0.88266,0.73269,0.77387,-0.56173,1
-0.21203,0.10207,1.09841,-0.45587,0.75506,2.12374,-1.72657,0.59468,1
0.77844,-0.86469,-0.06869,-0.89557,0.18199,-0.09579,-0.45793,0.21859,1
0.95065,0.36435,0.32690,0.99593,-1.40857,0.31177,-0.73106,-0.25602,1
0.26704,1.29785,-3.07576,0.59517,-1.17271,0.15276,0.95318,-1.45165,1
-0.53084,0.43053,-0.50994,-1.32939,0.01780,-1.07852,0.22136,0.19970,0
-0.94676,0.34119,-0.44371,0.62755,-0.37213,-0.37488,0.34763,1.62514,0
0.23531,1.53571,-0.36832,0.78366,0.86458,0.29068,1.06223,0.27533,0
0.78732,0.17964,-1.03559,-0.01941,-0.74034,-1.93218,1.15866,-0.39526,1
-0.28359,-0.51063,-1.48743,-0.59726,1.24442,-0.87205,0.11200,-0.59188,1
0.24241,0.51446,1.83357,-0.23931,0.84179,-1.30548,0.27732,0.75599,1
1.71971,-0.56568,-0.87435,-1.24070,-1.42222,-0.59480,-1.06478,-0.42707,1
-1.45305,1.27334,0.41607,1.15039,0.02571,0.13801,-1.80474,-0.58534,0
-1.77901,-1.33983,0.16548,-0.26742,0.24030,0.32926,-0.18510,3.11748,0
-0.41841,1.03025,-0.06157,-0.10792,1.06780,1.14955,-0.66180,-0.20270,0
0.77784,0.20382,-1.36188,-0.25180,-0.17362,-0.56663,0.59695,-1.15593,1
0.15333,2.07338,0.71789,-1.15455,-0.92848,-0.17214,0.18739,0.52925,0
0.49992,0.19553,-0.31692,-1.47084,0.48478,1.05872,0.53684,2.02570,1
1.74794,0.85856,-1.70176,-0.21696,1.04466,-0.44176,0.96892,0.44589,1
0.40214,-0.31349,0.39976,1.91238,0.86187,0.63226,1.30826,-0.35276,0
0.14211,0.48481,-0.27998,0.71365,-1.80552,-1.55405,-0.10306,-0.29394,0
-0.18720,0.57596,0.82339,0.74524,0.38802,0.33525,-1.48529,-0.79489,0
0.24621,0.76995,-0.74198,0.20668,1.64259,2.12275,0.73825,-0.96829,0
0.59875,-1.00240,1.30388,0.03163,0.58666,0.09484,0.09256,1.56700,1
-1.01728,0.11486,1.12341,1.31553,0.01319,-0.90633,-0.76179,0.28936,0
0.15383,-0.11662,1.05435,-0.13760,-1.08200,-0.85829,-0.91944,-0.60056,1
0.16408,-0.72147,-0.67685,-0.08175,-0.99973,2.53970,0.47091,1.50442,1
-0.97990,0.33495,0.37889,1.11217,-0.03408,-1.88655,-0.03391,-0.33444,0
-0.85285,-1.54579,1.22547,0.39897,0.14176,-0.61624,0.06009,1.74017,1
1.80394,-0.06576,-1.21769,-0.98894,0.22220,0.57913,0.61167,1.45511,1
0.14086,0.73206,-0.48596,0.67891,0.24698,1.33596,-0.27465,-1.20417,0
0.85454,-2.56249,-0.00111,0.94329,-1.31901,-0.62181,2.72275,-0.36560,1
0.54735,0.60123,-0.48712,0.00823,0.23017,1.46722,-1.49912,0.53722,1
-0.59381,1.09999,-0.42461,-0.63157,-0.25009,-0.22467,0.93694,-0.19780,0
-0.29856,-0.88567,0.30003,-0.46559,0.71519,-0.34622,-0.06052,-0.04812,0
1.20916,-2.53023,0.64406,0.90144,0.18662,-0.62716,-0.39332,-0.31778,1
-0.80238,-0.39645,-0.71676,-0.00386,0.38139,-1.05489,-1.90982,0.95976,0
-0.44431,0.57140,-0.27873,-1.00982,0.38684,-0.66064,-0.45610,-1.99319,0
-1.99157,1.18938,-0.77904,-0.64512,-0.41720,0.28696,-2.86918,3.15613,0
0.21694,1.73447,-2.11031,-0.23203,-0.91466,0.48385,0.45525,-0.75255,1
-0.21561,-0.46042,1.51990,0.71772,1.09393,-0.28219,0.89896,1.16411,1
-0.88777,0.89068,0.25688,1.93484,0.04205,-0.14821,-0.83729,1.04025,0
-1.16015,-0.22792,-0.90009,-2.10010,0.28572,0.44429,-0.44858,1.12253,0
-0.64912,1.76396,1.07040,-0.60461,-2.59555,-0.29244,0.92021,1.18623,0
2.16339,0.59532,1.27426,-0.17735,-1.56054,-0.28272,0.61300,-0.21540,1
-1.26215,0.26873,0.51272,-0.24699,0.60040,-0.30085,-0.70607,1.10569,0
0.78896,-0.28011,0.16043,1.80681,1.08227,-2.04834,-0.02103,-0.54129,1
-1.82712,-1.82140,-0.35312,-1.22146,-0.94354,0.66577,-0.10931,-0.31261,0
0.66217,-0.67932,0.06013,1.10339,0.50228,-0.74530,-0.78064,-0.70111,1
-0.50583,1.72060,1.33955,0.58255,0.62759,1.31435,0.41514,-1.35749,0
0.78788,-0.87552,0.70688,0.74615,1.44546,-0.33230,-0.83945,0.27412,1
1.44367,-1.85679,-0.54936,0.64575,0.43928,0.23371,0.06283,0.40980,1
-0.49122,0.48062,-0.71722,0.12325,-1.46710,-1.01058,-0.06734,-0.32432,0
-0.82032,0.14252,0.72226,-0.71142,0.92885,0.36801,1.30931,0.16218,0
-0.51369,0.51118,0.32294,-1.15423,-0.67977,0.69540,-1.48952,-1.62712,0
1.27885,-1.13641,-0.35262,-0.38485,-0.17332,-1.53838,-1.02765,0.77882,1
-0.12184,-1.01069,-0.05989,-0.08281,0.92320,0.26597,-0.06442,-0.66932,1
0.62837,0.04574,0.70698,-0.52326,0.70480,1.41813,-0.09556,-1.21032,1
0.98941,0.01685,-0.51657,-0.00023,-0.65213,-2.83552,1.93174,1.92958,1
1.45732,0.79868,0.06692,0.86379,-0.01167,0.49519,-0.10467,-1.55825,1
-0.13569,-3.20447,1.66317,1.00212,0.07346,-1.40458,0.12815,-0.66266,1
-0.73915,-2.28785,1.19807,-0.13179,0.23702,-0.11703,0.01313,0.85471,1
0.86442,-1.72458,0.60288,0.39877,-0.96173,-0.56638,-0.05297,0.71647,1
0.14336,2.22625,-0.84845,0.38047,0.61968,0.69075,1.33031,-1.57153,0
2.25932,-1.46454,-1.55977,0.15306,-0.34686,1.79330,-1.15526,0.94932,1
0.38422,0.56541,-1.34832,-0.57925,-1.45815,-1.66992,0.26485,0.74467,1
-0.30308,-1.56661,-0.68655,1.12797,0.14029,0.56044,-0.13047,1.17805,1
0.27525,-0.63826,1.35330,0.71259,1.24293,-0.77617,-0.65930,-0.04789,1
-0.52463,-0.67887,0.48834,0.15400,-0.00769,-0.80514,0.65565,0.78725,0
-1.41024,-0.52785,0.44819,1.05307,0.31373,2.91422,-1.39020,-0.32356,0
-1.32542,-0.63091,-1.91473,-0.74138,-0.87279,1.11346,-0.91243,0.65731,1
-0.04885,-0.38117,-1.90828,-1.05774,0.59337,1.73632,0.82490,2.07328,1
1.34173,-0.45899,1.33438,2.01205,0.73127,-0.84118,0.50479,1.66021,1
-0.44055,0.66404,1.12284,0.95438,0.21704,0.37959,0.86507,0.36222,0
-0.81207,0.95915,-2.21177,-0.77432,1.70264,-0.96141,-0.90303,-0.21572,1
-0.28463,1.67877,-0.46926,-0.15110,0.33526,1.88428,1.19790,1.00768,0
-0.61952,-0.73201,-1.15038,0.73325,-0.63912,-0.20502,0.29615,1.90210,1
1.71371,0.20569,1.03076,-1.78401,0.50236,-0.98968,-0.70395,-1.22860,1
0.72360,1.62477,1.17674,-1.34100,-0.67307,0.23269,0.12787,0.10050,1
-0.23179,-0.87957,1.14864,-0.87977,1.16342,0.33713,0.10261,1.00156,1
1.57603,0.74998,-0.73439,-0.03307,-0.11121,-0.57012,0.04929,-0.19677,1
0.86906,-0.98057,-1.36664,0.24635,0.38210,1.21808,-0.43966,1.24262,1
0.43859,0.37233,-0.53663,-0.91840,0.57322,-0.90798,1.40228,-1.26500,1
-0.97945,0.10174,-0.07386,0.54623,1.00779,2.15129,1.63035,-0.71790,0
-0.31456,-0.54281,0.17163,-1.17040,-1.16017,0.04879,-0.18427,0.36074,1
0.55541,-1.77355,0.11255,-0.07104,0.80716,0.09745,-0.71455,-0.56933,1
-0.20602,-0.03730,-0.32697,-0.33357,0.04895,-0.16952,-0.36419,2.23973,0
0.90875,-0.06557,0.10870,0.22919,-0.83687,-0.56303,-1.50276,-0.90691,0
0.44139,-1.76531,0.14072,-0.19200,-0.91844,0.99969,0.19609,-0.39336,1
0.99084,0.61292,-0.44142,-1.67428,-0.29854,-1.16718,0.40460,1.13118,1
1.59058,-0.41423,0.87311,-0.51237,0.04541,1.11593,0.11103,0.55339,1
1.12219,-0.28623,0.72479,2.53323,0.15826,-0.05644,0.81560,-0.21890,1
0.77208,0.61400,-0.38012,-0.07166,0.93268,-0.53007,-1.68824,-1.91219,0
0.26475,-0.84409,-1.31863,-1.54644,-0.20009,-0.08723,0.53052,0.25166,1
1.81498,1.01777,0.00503,1.09919,0.38164,-1.29323,0.63705,1.22441,1
-0.39528,0.38769,-0.08328,0.81918,0.40423,1.57161,-1.32598,1.92851,0
0.07973,-0.17994,-0.66688,0.38660,0.81772,0.61798,-0.11219,-1.76767,0
-0.08043,-0.47920,-0.04353,-1.10254,0.01998,-1.19612,-0.25550,0.05283,0
0.37062,0.67961,-0.18278,-2.95783,-0.26335,-0.81792,-0.60088,0.46870,0
1.11987,1.73982,0.27431,0.23930,2.10158,-0.66551,0.41556,1.49523,0
-0.35847,-0.09637,-0.87377,-0.68089,1.34806,1.34362,-0.98307,0.25879,1
-0.63939,-1.60503,0.19953,-0.77708,1.37718,0.38153,0.52202,1.44890,0
-0.56391,1.29317,-2.94806,0.21099,1.11421,0.77117,1.76502,-1.25584,1
-0.78784,0.79616,0.00084,-3.16550,-0.81937,0.91578,-1.62814,2.52973,0
-1.02342,0.49748,0.41145,-0.32234,-0.62527,0.01199,-1.67698,0.39612,0
-0.44406,-1.58421,1.20391,0.20150,1.06300,-0.45245,-1.95501,1.09255,1
-0.43538,-0.38537,-0.78835,1.81520,-0.13899,0.05925,2.80056,0.03494,0
-0.02120,-0.58598,-2.13904,-0.04863,1.76837,-0.36010,1.84262,-0.12207,1
0.09406,-0.70744,0.72418,1.33426,0.56087,0.54564,0.02663,0.44600,0
-0.90218,0.78491,0.11054,-0.62425,-1.59473,0.33598,0.54678,0.07336,0
-0.39310,-0.27634,0.64373,-1.14557,-1.01565,0.79655,-0.26606,-0.05555,1
1.44459,1.03943,-0.55439,-0.32430,0.97096,-0.22426,-0.54402,1.30499,1
-0.91022,0.89885,-2.15319,-0.38711,0.10691,0.50056,-1.80727,-1.05608,1
0.64427,-0.11085,-1.14866,-0.07520,1.31937,0.37305,-1.29193,1.40655,1
0.59269,0.52131,0.36589,0.08664,0.23995,0.01439,-0.97517,0.15350,0
-1.51588,1.32531,2.05384,0.15166,1.02796,-0.65733,1.19003,0.20206,1
-2.55574,-1.96932,-0.38769,-1.00640,1.33431,0.12111,0.30067,-2.10309,0
0.88588,-0.79845,-0.43471,-1.15931,-0.20149,0.69578,-1.67823,0.47861,1
-0.42466,0.31858,-0.01940,1.09680,0.63865,0.09409,-1.95558,-0.00922,0
-0.44642,1.51553,2.13843,0.50361,-0.77704,-1.71537,-0.03758,-1.15532,1
-0.29833,-0.00332,-0.41517,-0.30998,-1.16015,0.12382,-0.25381,0.68378,0
1.88806,-0.81435,-2.85791,-0.32931,-0.12988,0.71217,0.09633,-0.18418,1
-0.46736,1.93363,-0.32063,0.87996,1.51794,-0.30449,-0.02126,-0.87036,0
1.11705,0.88407,0.34341,0.17739,1.93668,1.39157,-1.12425,0.09311,1
0.95196,0.58798,0.80437,0.52251,0.94460,1.10529,1.21217,-0.37788,1
1.18248,-0.34677,-0.90066,-1.98026,0.27011,-1.14654,-0.48405,0.62677,1
0.81835,-1.77202,0.85162,-0.29570,0.82813,1.20203,-0.53244,0.58557,1
-0.18616,-1.06300,-0.26443,0.92203,0.80031,0.77027,-0.29466,-1.75480,0
0.75935,-0.29911,0.03050,0.06373,0.26881,-0.04187,0.30689,-0.18053,1
-1.03376,-0.45319,1.07454,2.04147,1.17344,-1.32241,-0.92226,-0.61156,0
-0.31588,-1.12790,0.59593,-0.54589,-0.35404,0.91965,-0.25509,-1.48440,0
0.92738,0.48531,-0.63932,-0.59965,0.18571,-1.97666,1.42202,1.87457,1
-0.83220,-1.76920,-1.62524,0.92893,0.73881,1.39735,-0.42143,0.78832,1
-0.84536,-1.00536,-1.03803,-1.26992,0.20854,0.29175,1.64891,0.40630,1
